timestamp,admin,query_type,table,rows_returned,join_count,where_count,execution_time_sec,table_sensitivity,is_pii_table,hour_of_day,day_of_week,is_attack,attack_type
2024-01-01 07:02:17,admin_bob,UPDATE,transactions,323,0,2,0.88,CRITICAL,True,7,0,False,
2024-01-01 07:39:38,admin_bob,DELETE,transactions,441,0,1,0.787,CRITICAL,True,7,0,False,
2024-01-01 07:55:16,admin_bob,SELECT,orders,54,0,3,0.981,MEDIUM,False,7,0,False,
2024-01-01 08:00:47,admin_bob,JOIN,transactions,9,0,1,0.429,CRITICAL,True,8,0,False,
2024-01-01 08:00:56,admin_alice,SELECT,customers,754,0,1,1.056,CRITICAL,True,8,0,False,
2024-01-01 08:24:06,admin_alice,SELECT,orders,148,0,1,0.587,MEDIUM,False,8,0,False,
2024-01-01 08:34:36,admin_alice,UPDATE,audit_logs,227,0,1,0.574,MEDIUM,False,8,0,False,
2024-01-01 08:58:04,admin_alice,JOIN,orders,210,1,2,1.548,MEDIUM,False,8,0,False,
2024-01-01 09:00:20,admin_bob,SELECT,customers,197,0,3,0.983,CRITICAL,True,9,0,False,
2024-01-01 09:04:40,admin_charlie,SELECT,customers,78,0,3,0.754,CRITICAL,True,9,0,False,
2024-01-01 09:15:22,admin_bob,SELECT,transactions,272,0,2,1.279,CRITICAL,True,9,0,False,
2024-01-01 09:15:40,admin_bob,SELECT,config,277,0,3,0.41,HIGH,False,9,0,False,
2024-01-01 09:16:32,admin_bob,UPDATE,config,375,0,2,1.106,HIGH,False,9,0,False,
2024-01-01 09:19:23,admin_bob,SELECT,orders,75,0,1,0.277,MEDIUM,False,9,0,False,
2024-01-01 09:25:43,admin_alice,JOIN,config,872,1,2,1.983,HIGH,False,9,0,False,
2024-01-01 09:32:47,admin_alice,SELECT,customers,108,0,2,0.76,CRITICAL,True,9,0,False,
2024-01-01 09:42:36,admin_bob,UPDATE,transactions,43,0,1,0.293,CRITICAL,True,9,0,False,
2024-01-01 09:59:19,admin_charlie,SELECT,audit_logs,194,0,2,0.772,MEDIUM,False,9,0,False,
2024-01-01 10:18:25,admin_bob,UPDATE,transactions,199,0,1,0.627,CRITICAL,True,10,0,False,
2024-01-01 10:18:57,admin_bob,UPDATE,customers,396,0,1,0.669,CRITICAL,True,10,0,False,
2024-01-01 10:29:14,admin_charlie,SELECT,orders,166,0,2,0.569,MEDIUM,False,10,0,False,
2024-01-01 10:29:46,admin_bob,UPDATE,transactions,269,0,2,0.734,CRITICAL,True,10,0,False,
2024-01-01 10:30:09,admin_bob,UPDATE,audit_logs,325,0,1,0.587,MEDIUM,False,10,0,False,
2024-01-01 10:32:29,admin_bob,UPDATE,config,325,0,2,0.973,HIGH,False,10,0,False,
2024-01-01 10:53:53,admin_charlie,INSERT,products,54,0,5,0.895,LOW,False,10,0,False,
2024-01-01 10:57:52,admin_bob,SELECT,orders,217,0,1,0.525,MEDIUM,False,10,0,False,
2024-01-01 10:58:20,admin_bob,INSERT,audit_logs,39,0,1,0.372,MEDIUM,False,10,0,False,
2024-01-01 11:08:23,admin_bob,INSERT,orders,466,0,1,0.88,MEDIUM,False,11,0,False,
2024-01-01 11:20:04,admin_charlie,SELECT,orders,149,0,3,0.728,MEDIUM,False,11,0,False,
2024-01-01 11:28:14,admin_alice,SELECT,orders,131,0,1,0.419,MEDIUM,False,11,0,False,
2024-01-01 11:29:10,admin_alice,SELECT,customers,240,0,2,0.528,CRITICAL,True,11,0,False,
2024-01-01 11:29:36,admin_alice,SELECT,orders,550,0,2,1.353,MEDIUM,False,11,0,False,
2024-01-01 11:30:34,admin_bob,JOIN,audit_logs,469,0,3,1.429,MEDIUM,False,11,0,False,
2024-01-01 11:31:32,admin_bob,UPDATE,audit_logs,172,0,2,0.902,MEDIUM,False,11,0,False,
2024-01-01 11:44:12,admin_charlie,SELECT,transactions,92,0,4,1.091,CRITICAL,True,11,0,False,
2024-01-01 11:59:47,admin_bob,SELECT,audit_logs,17,0,2,0.498,MEDIUM,False,11,0,False,
2024-01-01 12:06:45,admin_bob,INSERT,config,283,0,2,0.793,HIGH,False,12,0,False,
2024-01-01 12:18:07,admin_bob,SELECT,transactions,145,0,3,0.547,CRITICAL,True,12,0,False,
2024-01-01 12:22:01,admin_bob,SELECT,config,273,0,1,0.434,HIGH,False,12,0,False,
2024-01-01 12:35:39,admin_alice,SELECT,transactions,353,0,2,0.615,CRITICAL,True,12,0,False,
2024-01-01 12:42:59,admin_bob,SELECT,orders,492,0,1,1.08,MEDIUM,False,12,0,False,
2024-01-01 13:01:59,admin_alice,SELECT,transactions,262,0,2,0.767,CRITICAL,True,13,0,False,
2024-01-01 13:24:44,admin_bob,INSERT,customers,275,0,1,0.83,CRITICAL,True,13,0,False,
2024-01-01 13:29:29,admin_charlie,JOIN,customers,47,4,4,3.472,CRITICAL,True,13,0,False,
2024-01-01 13:31:23,admin_bob,DELETE,transactions,369,0,3,1.334,CRITICAL,True,13,0,False,
2024-01-01 13:36:09,admin_charlie,INSERT,orders,110,0,2,0.645,MEDIUM,False,13,0,False,
2024-01-01 14:26:08,admin_alice,SELECT,customers,700,0,1,0.982,CRITICAL,True,14,0,False,
2024-01-01 14:28:25,admin_bob,UPDATE,customers,105,0,3,0.855,CRITICAL,True,14,0,False,
2024-01-01 14:35:37,admin_bob,UPDATE,transactions,473,0,3,1.123,CRITICAL,True,14,0,False,
2024-01-01 14:44:52,admin_bob,UPDATE,transactions,447,0,1,0.45,CRITICAL,True,14,0,False,
2024-01-01 14:51:56,admin_alice,SELECT,customers,850,0,1,0.451,CRITICAL,True,14,0,False,
2024-01-01 14:57:27,admin_bob,UPDATE,transactions,178,0,1,0.362,CRITICAL,True,14,0,False,
2024-01-01 14:58:50,admin_alice,SELECT,audit_logs,583,0,1,0.855,MEDIUM,False,14,0,False,
2024-01-01 15:13:22,admin_alice,SELECT,audit_logs,729,0,1,1.268,MEDIUM,False,15,0,False,
2024-01-01 15:29:16,admin_bob,UPDATE,audit_logs,342,0,1,0.799,MEDIUM,False,15,0,False,
2024-01-01 15:35:26,admin_bob,UPDATE,audit_logs,212,0,1,0.374,MEDIUM,False,15,0,False,
2024-01-01 15:40:51,admin_alice,SELECT,orders,277,0,2,1.03,MEDIUM,False,15,0,False,
2024-01-01 15:41:50,admin_charlie,JOIN,orders,184,2,3,2.638,MEDIUM,False,15,0,False,
2024-01-01 15:42:53,admin_bob,SELECT,customers,26,0,3,0.869,CRITICAL,True,15,0,False,
2024-01-01 15:46:34,admin_alice,JOIN,transactions,399,1,2,0.842,CRITICAL,True,15,0,False,
2024-01-01 16:03:39,admin_charlie,JOIN,customers,155,2,5,1.953,CRITICAL,True,16,0,False,
2024-01-01 16:19:27,admin_bob,INSERT,customers,387,0,1,0.576,CRITICAL,True,16,0,False,
2024-01-01 16:21:57,admin_bob,DELETE,config,326,0,3,1.396,HIGH,False,16,0,False,
2024-01-01 16:25:18,admin_bob,SELECT,audit_logs,242,0,2,0.546,MEDIUM,False,16,0,False,
2024-01-01 16:34:06,admin_bob,UPDATE,customers,60,0,1,0.204,CRITICAL,True,16,0,False,
2024-01-01 16:36:32,admin_alice,SELECT,orders,836,0,2,1.242,MEDIUM,False,16,0,False,
2024-01-01 16:55:29,admin_bob,DELETE,customers,289,0,2,0.859,CRITICAL,True,16,0,False,
2024-01-01 16:57:00,admin_bob,SELECT,config,48,0,1,0.521,HIGH,False,16,0,False,
2024-01-01 17:16:37,admin_bob,SELECT,config,470,0,3,1.434,HIGH,False,17,0,False,
2024-01-01 17:17:46,admin_bob,SELECT,transactions,401,0,1,1.053,CRITICAL,True,17,0,False,
2024-01-01 17:18:48,admin_bob,SELECT,products,76,0,1,0.413,LOW,False,17,0,False,
2024-01-01 17:19:23,admin_bob,UPDATE,audit_logs,417,0,1,0.73,MEDIUM,False,17,0,False,
2024-01-01 17:24:59,admin_alice,SELECT,customers,24,0,1,0.272,CRITICAL,True,17,0,False,
2024-01-01 17:26:33,admin_bob,SELECT,customers,448,0,1,0.694,CRITICAL,True,17,0,False,
2024-01-01 17:27:59,admin_alice,SELECT,orders,967,0,1,1.104,MEDIUM,False,17,0,False,
2024-01-01 17:46:56,admin_charlie,JOIN,customers,63,2,2,1.583,CRITICAL,True,17,0,False,
2024-01-01 17:52:01,admin_alice,SELECT,orders,437,0,1,0.985,MEDIUM,False,17,0,False,
2024-01-01 18:25:15,admin_bob,SELECT,audit_logs,462,0,1,1.183,MEDIUM,False,18,0,False,
2024-01-01 18:35:00,admin_charlie,SELECT,customers,47,0,4,0.937,CRITICAL,True,18,0,False,
2024-01-01 18:41:29,admin_bob,SELECT,customers,92,0,2,0.455,CRITICAL,True,18,0,False,
2024-01-01 18:48:24,admin_bob,DELETE,config,58,0,1,0.205,HIGH,False,18,0,False,
2024-01-01 18:57:06,admin_bob,UPDATE,audit_logs,264,0,2,0.435,MEDIUM,False,18,0,False,
2024-01-01 19:46:20,admin_bob,SELECT,orders,229,0,3,0.797,MEDIUM,False,19,0,False,
2024-01-01 19:50:38,admin_charlie,SELECT,orders,50,0,3,1.023,MEDIUM,False,19,0,False,
2024-01-01 19:50:46,admin_charlie,SELECT,customers,118,0,5,0.717,CRITICAL,True,19,0,False,
2024-01-01 20:11:50,admin_bob,SELECT,config,288,0,3,0.632,HIGH,False,20,0,False,
2024-01-01 20:34:05,admin_bob,DELETE,customers,409,0,2,1.043,CRITICAL,True,20,0,False,
2024-01-01 21:24:21,admin_bob,INSERT,audit_logs,98,0,1,0.267,MEDIUM,False,21,0,False,
2024-01-01 21:40:48,admin_bob,UPDATE,audit_logs,54,0,2,0.59,MEDIUM,False,21,0,False,
2024-01-01 21:47:15,admin_bob,INSERT,config,464,0,1,0.669,HIGH,False,21,0,False,
2024-01-01 21:48:29,admin_bob,DELETE,transactions,400,0,2,1.089,CRITICAL,True,21,0,False,
2024-01-02 07:16:09,admin_bob,UPDATE,transactions,318,0,3,0.836,CRITICAL,True,7,1,False,
2024-01-02 07:22:25,admin_bob,UPDATE,config,335,0,1,0.479,HIGH,False,7,1,False,
2024-01-02 07:49:50,admin_bob,UPDATE,config,237,0,1,0.437,HIGH,False,7,1,False,
2024-01-02 08:19:40,admin_alice,SELECT,orders,710,0,2,2.144,MEDIUM,False,8,1,False,
2024-01-02 08:24:16,admin_alice,JOIN,transactions,830,1,2,2.659,CRITICAL,True,8,1,False,
2024-01-02 08:28:42,admin_alice,SELECT,customers,58,0,1,0.341,CRITICAL,True,8,1,False,
2024-01-02 08:42:58,admin_alice,SELECT,customers,976,0,2,1.832,CRITICAL,True,8,1,False,
2024-01-02 08:51:29,admin_alice,JOIN,transactions,450,1,1,1.094,CRITICAL,True,8,1,False,
2024-01-02 09:02:44,admin_charlie,SELECT,orders,190,0,2,0.683,MEDIUM,False,9,1,False,
2024-01-02 09:09:53,admin_charlie,SELECT,customers,50,0,3,0.614,CRITICAL,True,9,1,False,
2024-01-02 09:17:58,admin_bob,INSERT,customers,152,0,3,0.633,CRITICAL,True,9,1,False,
2024-01-02 09:23:02,admin_charlie,INSERT,products,89,0,2,0.488,LOW,False,9,1,False,
2024-01-02 09:36:42,admin_bob,SELECT,transactions,39,0,3,1.347,CRITICAL,True,9,1,False,
2024-01-02 09:39:07,admin_alice,SELECT,orders,646,0,2,0.346,MEDIUM,False,9,1,False,
2024-01-02 09:45:33,admin_bob,SELECT,transactions,288,0,2,0.727,CRITICAL,True,9,1,False,
2024-01-02 09:56:23,admin_charlie,SELECT,audit_logs,61,0,2,0.6,MEDIUM,False,9,1,False,
2024-01-02 09:58:38,admin_bob,SELECT,audit_logs,477,0,2,1.651,MEDIUM,False,9,1,False,
2024-01-02 09:58:58,admin_charlie,SELECT,products,89,0,2,0.785,LOW,False,9,1,False,
2024-01-02 10:11:41,admin_charlie,INSERT,products,139,0,4,1.029,LOW,False,10,1,False,
2024-01-02 10:19:32,admin_alice,SELECT,customers,99,0,2,0.419,CRITICAL,True,10,1,False,
2024-01-02 10:23:59,admin_charlie,SELECT,products,176,0,3,1.021,LOW,False,10,1,False,
2024-01-02 10:31:12,admin_charlie,JOIN,customers,104,4,3,3.347,CRITICAL,True,10,1,False,
2024-01-02 10:51:36,admin_bob,SELECT,customers,432,0,2,1.05,CRITICAL,True,10,1,False,
2024-01-02 10:58:13,admin_alice,SELECT,customers,51,0,1,0.399,CRITICAL,True,10,1,False,
2024-01-02 11:10:57,admin_charlie,SELECT,orders,29,0,5,0.44,MEDIUM,False,11,1,False,
2024-01-02 11:14:05,admin_alice,UPDATE,transactions,956,0,2,1.06,CRITICAL,True,11,1,False,
2024-01-02 11:35:50,admin_bob,SELECT,transactions,11,0,1,0.381,CRITICAL,True,11,1,False,
2024-01-02 11:47:03,admin_alice,SELECT,orders,115,0,1,0.298,MEDIUM,False,11,1,False,
2024-01-02 11:47:05,admin_charlie,SELECT,products,63,0,5,1.918,LOW,False,11,1,False,
2024-01-02 12:05:51,admin_alice,SELECT,orders,886,0,2,0.804,MEDIUM,False,12,1,False,
2024-01-02 12:13:36,admin_charlie,SELECT,products,123,0,5,1.001,LOW,False,12,1,False,
2024-01-02 12:19:10,admin_alice,UPDATE,transactions,721,0,1,1.596,CRITICAL,True,12,1,False,
2024-01-02 12:25:45,admin_alice,SELECT,customers,840,0,2,1.289,CRITICAL,True,12,1,False,
2024-01-02 12:26:39,admin_bob,SELECT,audit_logs,455,0,2,0.91,MEDIUM,False,12,1,False,
2024-01-02 12:26:54,admin_alice,SELECT,transactions,531,0,1,0.744,CRITICAL,True,12,1,False,
2024-01-02 12:28:46,admin_alice,SELECT,orders,104,0,1,0.454,MEDIUM,False,12,1,False,
2024-01-02 12:33:54,admin_bob,UPDATE,audit_logs,312,0,1,0.888,MEDIUM,False,12,1,False,
2024-01-02 12:43:23,admin_bob,SELECT,customers,494,0,3,1.159,CRITICAL,True,12,1,False,
2024-01-02 12:55:10,admin_alice,JOIN,orders,522,1,2,2.209,MEDIUM,False,12,1,False,
2024-01-02 12:58:34,admin_charlie,SELECT,products,139,0,2,0.614,LOW,False,12,1,False,
2024-01-02 13:09:06,admin_bob,INSERT,audit_logs,403,0,1,0.898,MEDIUM,False,13,1,False,
2024-01-02 13:12:16,admin_charlie,SELECT,config,93,0,4,1.005,HIGH,False,13,1,False,
2024-01-02 13:12:30,admin_alice,SELECT,orders,166,0,2,0.832,MEDIUM,False,13,1,False,
2024-01-02 13:20:05,admin_alice,SELECT,transactions,852,0,2,1.58,CRITICAL,True,13,1,False,
2024-01-02 13:28:21,admin_charlie,UPDATE,orders,68,0,4,1.11,MEDIUM,False,13,1,False,
2024-01-02 13:33:46,admin_alice,SELECT,orders,563,0,1,0.701,MEDIUM,False,13,1,False,
2024-01-02 13:34:41,admin_bob,JOIN,audit_logs,141,0,2,0.754,MEDIUM,False,13,1,False,
2024-01-02 13:36:10,admin_alice,JOIN,orders,682,1,2,1.248,MEDIUM,False,13,1,False,
2024-01-02 13:50:03,admin_alice,SELECT,products,809,0,2,0.822,LOW,False,13,1,False,
2024-01-02 13:59:28,admin_alice,SELECT,transactions,837,0,2,1.16,CRITICAL,True,13,1,False,
2024-01-02 14:09:43,admin_alice,SELECT,customers,328,0,1,0.556,CRITICAL,True,14,1,False,
2024-01-02 14:30:20,admin_bob,INSERT,transactions,198,0,1,0.538,CRITICAL,True,14,1,False,
2024-01-02 14:36:27,admin_alice,SELECT,orders,95,0,2,0.555,MEDIUM,False,14,1,False,
2024-01-02 14:45:42,admin_alice,SELECT,transactions,815,0,1,0.824,CRITICAL,True,14,1,False,
2024-01-02 14:48:03,admin_bob,INSERT,config,161,0,1,0.274,HIGH,False,14,1,False,
2024-01-02 14:49:58,admin_bob,DELETE,config,372,0,3,1.27,HIGH,False,14,1,False,
2024-01-02 14:50:39,admin_alice,SELECT,customers,146,0,2,0.45,CRITICAL,True,14,1,False,
2024-01-02 14:50:58,admin_alice,SELECT,transactions,294,0,1,0.605,CRITICAL,True,14,1,False,
2024-01-02 14:52:50,admin_charlie,SELECT,orders,57,0,3,0.607,MEDIUM,False,14,1,False,
2024-01-02 15:01:44,admin_alice,SELECT,orders,16,0,1,0.321,MEDIUM,False,15,1,False,
2024-01-02 15:08:39,admin_bob,INSERT,customers,104,0,2,1.02,CRITICAL,True,15,1,False,
2024-01-02 15:18:17,admin_alice,SELECT,transactions,203,0,2,0.265,CRITICAL,True,15,1,False,
2024-01-02 15:30:17,admin_charlie,INSERT,audit_logs,12,0,4,0.684,MEDIUM,False,15,1,False,
2024-01-02 15:38:34,admin_bob,INSERT,transactions,435,0,2,1.211,CRITICAL,True,15,1,False,
2024-01-02 15:46:36,admin_bob,SELECT,customers,264,0,2,1.05,CRITICAL,True,15,1,False,
2024-01-02 15:50:38,admin_alice,SELECT,products,977,0,2,1.627,LOW,False,15,1,False,
2024-01-02 15:54:02,admin_bob,SELECT,audit_logs,328,0,2,1.082,MEDIUM,False,15,1,False,
2024-01-02 15:54:08,admin_alice,SELECT,customers,557,0,2,0.981,CRITICAL,True,15,1,False,
2024-01-02 16:01:14,admin_alice,SELECT,customers,309,0,1,0.506,CRITICAL,True,16,1,False,
2024-01-02 16:11:22,admin_bob,SELECT,customers,313,0,3,1.231,CRITICAL,True,16,1,False,
2024-01-02 16:16:08,admin_alice,SELECT,orders,428,0,2,0.772,MEDIUM,False,16,1,False,
2024-01-02 16:16:12,admin_alice,SELECT,orders,242,0,1,0.96,MEDIUM,False,16,1,False,
2024-01-02 16:25:10,admin_alice,JOIN,orders,427,1,1,0.618,MEDIUM,False,16,1,False,
2024-01-02 16:35:46,admin_bob,SELECT,customers,337,0,2,0.716,CRITICAL,True,16,1,False,
2024-01-02 17:05:17,admin_bob,UPDATE,customers,422,0,2,1.477,CRITICAL,True,17,1,False,
2024-01-02 17:08:53,admin_alice,SELECT,customers,735,0,1,0.728,CRITICAL,True,17,1,False,
2024-01-02 17:09:29,admin_charlie,SELECT,products,65,0,3,0.682,LOW,False,17,1,False,
2024-01-02 17:25:40,admin_bob,DELETE,config,16,0,3,0.874,HIGH,False,17,1,False,
2024-01-02 17:45:03,admin_bob,SELECT,transactions,215,0,1,0.45,CRITICAL,True,17,1,False,
2024-01-02 17:45:42,admin_alice,SELECT,transactions,219,0,1,0.654,CRITICAL,True,17,1,False,
2024-01-02 17:48:57,admin_charlie,JOIN,products,54,4,4,4.213,LOW,False,17,1,False,
2024-01-02 18:02:55,admin_charlie,JOIN,products,33,3,5,3.1,LOW,False,18,1,False,
2024-01-02 18:19:04,admin_bob,SELECT,audit_logs,226,0,1,0.559,MEDIUM,False,18,1,False,
2024-01-02 18:35:26,admin_charlie,JOIN,customers,45,3,2,1.818,CRITICAL,True,18,1,False,
2024-01-02 18:57:45,admin_bob,SELECT,customers,193,0,3,1.109,CRITICAL,True,18,1,False,
2024-01-02 19:59:05,admin_charlie,DELETE,products,62,0,2,0.537,LOW,False,19,1,False,
2024-01-02 21:04:19,admin_bob,SELECT,products,471,0,3,1.106,LOW,False,21,1,False,
2024-01-03 08:12:51,admin_alice,SELECT,transactions,880,0,2,1.396,CRITICAL,True,8,2,False,
2024-01-03 08:23:18,admin_bob,DELETE,audit_logs,146,0,3,0.668,MEDIUM,False,8,2,False,
2024-01-03 08:28:56,admin_bob,UPDATE,customers,178,0,3,0.649,CRITICAL,True,8,2,False,
2024-01-03 08:37:45,admin_bob,DELETE,config,82,0,1,0.345,HIGH,False,8,2,False,
2024-01-03 08:43:58,admin_bob,UPDATE,products,336,0,3,1.215,LOW,False,8,2,False,
2024-01-03 09:03:25,admin_bob,SELECT,audit_logs,494,0,1,0.532,MEDIUM,False,9,2,False,
2024-01-03 09:05:17,admin_alice,SELECT,customers,68,0,1,0.605,CRITICAL,True,9,2,False,
2024-01-03 09:08:36,admin_alice,JOIN,orders,44,1,2,1.104,MEDIUM,False,9,2,False,
2024-01-03 09:12:20,admin_charlie,INSERT,products,82,0,2,0.579,LOW,False,9,2,False,
2024-01-03 09:14:43,admin_alice,SELECT,config,994,0,1,1.925,HIGH,False,9,2,False,
2024-01-03 09:35:05,admin_alice,SELECT,transactions,255,0,1,0.549,CRITICAL,True,9,2,False,
2024-01-03 10:07:20,admin_charlie,SELECT,products,188,0,5,1.261,LOW,False,10,2,False,
2024-01-03 10:09:32,admin_bob,SELECT,audit_logs,483,0,2,1.711,MEDIUM,False,10,2,False,
2024-01-03 10:12:40,admin_alice,SELECT,customers,84,0,2,0.665,CRITICAL,True,10,2,False,
2024-01-03 10:30:55,admin_charlie,SELECT,products,99,0,2,0.333,LOW,False,10,2,False,
2024-01-03 10:44:01,admin_charlie,SELECT,products,193,0,4,0.912,LOW,False,10,2,False,
2024-01-03 10:44:17,admin_alice,SELECT,orders,803,0,2,1.951,MEDIUM,False,10,2,False,
2024-01-03 10:57:18,admin_alice,UPDATE,customers,640,0,1,0.933,CRITICAL,True,10,2,False,
2024-01-03 10:59:22,admin_charlie,SELECT,customers,162,0,3,0.842,CRITICAL,True,10,2,False,
2024-01-03 11:00:54,admin_bob,UPDATE,audit_logs,495,0,2,1.235,MEDIUM,False,11,2,False,
2024-01-03 11:06:26,admin_charlie,SELECT,audit_logs,86,0,2,0.581,MEDIUM,False,11,2,False,
2024-01-03 11:07:37,admin_bob,UPDATE,transactions,381,0,2,1.205,CRITICAL,True,11,2,False,
2024-01-03 11:18:59,admin_bob,UPDATE,transactions,497,0,3,0.607,CRITICAL,True,11,2,False,
2024-01-03 11:21:10,admin_alice,SELECT,orders,449,0,2,1.114,MEDIUM,False,11,2,False,
2024-01-03 11:47:04,admin_bob,UPDATE,config,498,0,2,0.656,HIGH,False,11,2,False,
2024-01-03 11:48:59,admin_charlie,JOIN,customers,117,3,3,2.72,CRITICAL,True,11,2,False,
2024-01-03 11:59:14,admin_bob,SELECT,orders,277,0,1,0.446,MEDIUM,False,11,2,False,
2024-01-03 12:17:28,admin_charlie,SELECT,products,43,0,3,0.851,LOW,False,12,2,False,
2024-01-03 12:17:29,admin_alice,SELECT,orders,175,0,2,0.921,MEDIUM,False,12,2,False,
2024-01-03 12:33:51,admin_charlie,SELECT,customers,180,0,2,0.98,CRITICAL,True,12,2,False,
2024-01-03 12:35:59,admin_charlie,INSERT,products,116,0,4,1.294,LOW,False,12,2,False,
2024-01-03 12:46:15,admin_alice,JOIN,products,962,1,1,1.738,LOW,False,12,2,False,
2024-01-03 12:47:36,admin_bob,UPDATE,transactions,11,0,2,0.221,CRITICAL,True,12,2,False,
2024-01-03 13:14:33,admin_alice,SELECT,customers,801,0,2,1.396,CRITICAL,True,13,2,False,
2024-01-03 13:25:42,admin_bob,UPDATE,audit_logs,26,0,3,0.461,MEDIUM,False,13,2,False,
2024-01-03 13:40:07,admin_alice,SELECT,customers,410,0,2,1.113,CRITICAL,True,13,2,False,
2024-01-03 13:43:01,admin_bob,SELECT,config,116,0,2,0.392,HIGH,False,13,2,False,
2024-01-03 13:51:41,admin_charlie,SELECT,orders,82,0,2,0.742,MEDIUM,False,13,2,False,
2024-01-03 13:52:52,admin_alice,SELECT,customers,730,0,2,1.225,CRITICAL,True,13,2,False,
2024-01-03 14:02:15,admin_charlie,SELECT,audit_logs,163,0,3,0.788,MEDIUM,False,14,2,False,
2024-01-03 14:02:28,admin_alice,SELECT,transactions,908,0,2,0.36,CRITICAL,True,14,2,False,
2024-01-03 14:10:19,admin_alice,SELECT,transactions,419,0,1,0.806,CRITICAL,True,14,2,False,
2024-01-03 14:15:41,admin_bob,UPDATE,audit_logs,77,0,2,0.554,MEDIUM,False,14,2,False,
2024-01-03 14:17:07,admin_charlie,JOIN,orders,142,2,4,2.209,MEDIUM,False,14,2,False,
2024-01-03 14:45:51,admin_charlie,SELECT,products,141,0,2,0.798,LOW,False,14,2,False,
2024-01-03 14:48:11,admin_bob,SELECT,transactions,289,0,1,0.702,CRITICAL,True,14,2,False,
2024-01-03 15:13:12,admin_bob,UPDATE,config,320,0,3,1.532,HIGH,False,15,2,False,
2024-01-03 15:15:11,admin_charlie,SELECT,customers,144,0,3,0.383,CRITICAL,True,15,2,False,
2024-01-03 15:22:18,admin_bob,DELETE,config,310,0,3,0.623,HIGH,False,15,2,False,
2024-01-03 15:27:46,admin_alice,JOIN,customers,925,1,2,2.485,CRITICAL,True,15,2,False,
2024-01-03 15:27:50,admin_charlie,SELECT,orders,65,0,2,0.455,MEDIUM,False,15,2,False,
2024-01-03 15:35:44,admin_alice,SELECT,transactions,716,0,2,1.244,CRITICAL,True,15,2,False,
2024-01-03 15:38:03,admin_bob,SELECT,orders,5,0,3,0.555,MEDIUM,False,15,2,False,
2024-01-03 15:49:48,admin_alice,SELECT,transactions,126,0,2,0.829,CRITICAL,True,15,2,False,
2024-01-03 16:07:47,admin_bob,INSERT,audit_logs,154,0,1,0.361,MEDIUM,False,16,2,False,
2024-01-03 16:08:14,admin_bob,UPDATE,audit_logs,170,0,1,0.575,MEDIUM,False,16,2,False,
2024-01-03 16:19:52,admin_bob,SELECT,config,482,0,1,0.572,HIGH,False,16,2,False,
2024-01-03 16:29:13,admin_alice,SELECT,customers,687,0,2,0.923,CRITICAL,True,16,2,False,
2024-01-03 16:41:55,admin_bob,JOIN,customers,310,0,1,0.697,CRITICAL,True,16,2,False,
2024-01-03 16:45:31,admin_alice,SELECT,customers,723,0,2,0.901,CRITICAL,True,16,2,False,
2024-01-03 16:49:11,admin_alice,JOIN,transactions,93,1,2,1.547,CRITICAL,True,16,2,False,
2024-01-03 16:53:19,admin_alice,SELECT,orders,213,0,1,0.622,MEDIUM,False,16,2,False,
2024-01-03 16:53:38,admin_bob,INSERT,transactions,188,0,2,0.878,CRITICAL,True,16,2,False,
2024-01-03 16:53:59,admin_alice,SELECT,orders,994,0,2,0.976,MEDIUM,False,16,2,False,
2024-01-03 16:56:27,admin_alice,SELECT,orders,458,0,2,1.05,MEDIUM,False,16,2,False,
2024-01-03 17:11:29,admin_alice,SELECT,orders,981,0,1,0.788,MEDIUM,False,17,2,False,
2024-01-03 17:13:10,admin_alice,SELECT,customers,546,0,1,1.4,CRITICAL,True,17,2,False,
2024-01-03 17:23:19,admin_alice,SELECT,transactions,541,0,2,1.006,CRITICAL,True,17,2,False,
2024-01-03 17:27:45,admin_charlie,SELECT,products,4,0,5,0.596,LOW,False,17,2,False,
2024-01-03 17:43:13,admin_alice,UPDATE,customers,943,0,1,0.669,CRITICAL,True,17,2,False,
2024-01-03 17:49:14,admin_alice,SELECT,customers,881,0,1,1.784,CRITICAL,True,17,2,False,
2024-01-03 17:50:34,admin_alice,SELECT,orders,362,0,1,0.879,MEDIUM,False,17,2,False,
2024-01-03 18:03:17,admin_charlie,SELECT,products,143,0,3,1.049,LOW,False,18,2,False,
2024-01-03 18:04:33,admin_bob,UPDATE,transactions,271,0,3,1.169,CRITICAL,True,18,2,False,
2024-01-03 18:35:04,admin_charlie,SELECT,products,55,0,5,0.616,LOW,False,18,2,False,
2024-01-03 18:37:25,admin_bob,UPDATE,config,330,0,2,0.27,HIGH,False,18,2,False,
2024-01-03 19:01:34,admin_charlie,SELECT,transactions,25,0,3,0.72,CRITICAL,True,19,2,False,
2024-01-03 19:03:47,admin_bob,UPDATE,audit_logs,239,0,3,0.86,MEDIUM,False,19,2,False,
2024-01-03 19:20:53,admin_charlie,JOIN,customers,58,4,2,2.424,CRITICAL,True,19,2,False,
2024-01-03 20:44:51,admin_bob,INSERT,customers,8,0,2,0.569,CRITICAL,True,20,2,False,
2024-01-03 21:08:32,admin_bob,SELECT,customers,245,0,1,0.446,CRITICAL,True,21,2,False,
2024-01-03 21:43:09,admin_bob,INSERT,customers,312,0,1,0.583,CRITICAL,True,21,2,False,
2024-01-03 21:58:12,admin_bob,UPDATE,config,220,0,1,0.165,HIGH,False,21,2,False,
2024-01-04 07:05:03,admin_bob,SELECT,customers,198,0,3,0.798,CRITICAL,True,7,3,False,
2024-01-04 07:49:52,admin_bob,SELECT,customers,86,0,3,0.874,CRITICAL,True,7,3,False,
2024-01-04 08:05:45,admin_bob,SELECT,audit_logs,5,0,2,0.335,MEDIUM,False,8,3,False,
2024-01-04 08:09:49,admin_alice,SELECT,audit_logs,293,0,1,0.16,MEDIUM,False,8,3,False,
2024-01-04 08:22:36,admin_alice,SELECT,orders,52,0,1,0.267,MEDIUM,False,8,3,False,
2024-01-04 08:24:55,admin_bob,SELECT,customers,42,0,3,1.095,CRITICAL,True,8,3,False,
2024-01-04 08:39:17,admin_alice,SELECT,orders,855,0,2,0.902,MEDIUM,False,8,3,False,
2024-01-04 08:40:16,admin_alice,SELECT,transactions,581,0,2,1.013,CRITICAL,True,8,3,False,
2024-01-04 08:45:18,admin_alice,SELECT,transactions,323,0,2,0.687,CRITICAL,True,8,3,False,
2024-01-04 08:54:06,admin_alice,SELECT,customers,345,0,2,0.546,CRITICAL,True,8,3,False,
2024-01-04 09:18:29,admin_bob,INSERT,audit_logs,281,0,2,0.729,MEDIUM,False,9,3,False,
2024-01-04 09:23:20,admin_charlie,SELECT,products,39,0,2,0.492,LOW,False,9,3,False,
2024-01-04 09:30:14,admin_alice,SELECT,audit_logs,287,0,1,0.635,MEDIUM,False,9,3,False,
2024-01-04 09:30:24,admin_charlie,JOIN,products,182,4,3,2.243,LOW,False,9,3,False,
2024-01-04 09:39:13,admin_bob,UPDATE,transactions,177,0,1,0.106,CRITICAL,True,9,3,False,
2024-01-04 09:40:11,admin_charlie,SELECT,products,101,0,2,0.621,LOW,False,9,3,False,
2024-01-04 09:45:48,admin_charlie,SELECT,products,90,0,4,1.085,LOW,False,9,3,False,
2024-01-04 09:46:19,admin_charlie,SELECT,orders,163,0,4,1.469,MEDIUM,False,9,3,False,
2024-01-04 09:53:12,admin_alice,SELECT,transactions,532,0,2,0.702,CRITICAL,True,9,3,False,
2024-01-04 09:54:27,admin_bob,INSERT,config,479,0,2,0.717,HIGH,False,9,3,False,
2024-01-04 09:56:52,admin_bob,SELECT,transactions,460,0,1,0.605,CRITICAL,True,9,3,False,
2024-01-04 10:00:03,admin_alice,SELECT,transactions,875,0,1,1.563,CRITICAL,True,10,3,False,
2024-01-04 10:24:19,admin_bob,DELETE,audit_logs,227,0,1,0.571,MEDIUM,False,10,3,False,
2024-01-04 10:25:03,admin_bob,INSERT,transactions,232,0,1,0.404,CRITICAL,True,10,3,False,
2024-01-04 10:28:40,admin_charlie,JOIN,audit_logs,10,3,3,1.671,MEDIUM,False,10,3,False,
2024-01-04 10:30:54,admin_alice,SELECT,transactions,141,0,1,0.497,CRITICAL,True,10,3,False,
2024-01-04 11:09:04,admin_bob,INSERT,config,231,0,3,0.129,HIGH,False,11,3,False,
2024-01-04 11:10:51,admin_alice,SELECT,orders,500,0,2,1.39,MEDIUM,False,11,3,False,
2024-01-04 11:19:09,admin_alice,JOIN,customers,751,1,1,1.357,CRITICAL,True,11,3,False,
2024-01-04 11:29:19,admin_alice,SELECT,transactions,122,0,2,0.553,CRITICAL,True,11,3,False,
2024-01-04 11:35:39,admin_bob,SELECT,audit_logs,376,0,1,0.623,MEDIUM,False,11,3,False,
2024-01-04 11:43:10,admin_bob,INSERT,audit_logs,212,0,1,0.331,MEDIUM,False,11,3,False,
2024-01-04 11:48:58,admin_alice,SELECT,customers,127,0,1,0.41,CRITICAL,True,11,3,False,
2024-01-04 11:53:08,admin_charlie,JOIN,orders,198,4,2,1.772,MEDIUM,False,11,3,False,
2024-01-04 12:04:29,admin_alice,SELECT,transactions,559,0,1,1.116,CRITICAL,True,12,3,False,
2024-01-04 12:07:45,admin_alice,SELECT,orders,265,0,2,0.923,MEDIUM,False,12,3,False,
2024-01-04 12:17:36,admin_charlie,SELECT,products,76,0,3,1.04,LOW,False,12,3,False,
2024-01-04 12:30:35,admin_alice,SELECT,transactions,192,0,1,0.368,CRITICAL,True,12,3,False,
2024-01-04 12:32:55,admin_alice,SELECT,orders,422,0,2,1.013,MEDIUM,False,12,3,False,
2024-01-04 12:34:57,admin_alice,SELECT,customers,789,0,1,1.785,CRITICAL,True,12,3,False,
2024-01-04 12:38:51,admin_bob,SELECT,customers,403,0,1,0.317,CRITICAL,True,12,3,False,
2024-01-04 12:39:20,admin_bob,UPDATE,audit_logs,179,0,3,0.755,MEDIUM,False,12,3,False,
2024-01-04 12:46:07,admin_alice,SELECT,customers,885,0,1,1.505,CRITICAL,True,12,3,False,
2024-01-04 13:05:14,admin_bob,SELECT,transactions,472,0,3,1.483,CRITICAL,True,13,3,False,
2024-01-04 13:07:48,admin_alice,SELECT,customers,476,0,1,0.753,CRITICAL,True,13,3,False,
2024-01-04 13:08:34,admin_bob,SELECT,products,225,0,2,0.871,LOW,False,13,3,False,
2024-01-04 13:13:08,admin_bob,SELECT,orders,275,0,3,0.545,MEDIUM,False,13,3,False,
2024-01-04 13:20:41,admin_bob,INSERT,config,313,0,1,0.409,HIGH,False,13,3,False,
2024-01-04 13:27:27,admin_bob,SELECT,customers,342,0,2,0.79,CRITICAL,True,13,3,False,
2024-01-04 13:41:25,admin_alice,SELECT,config,23,0,1,0.311,HIGH,False,13,3,False,
2024-01-04 13:42:24,admin_alice,JOIN,transactions,779,1,1,1.294,CRITICAL,True,13,3,False,
2024-01-04 13:46:39,admin_bob,SELECT,customers,15,0,1,0.222,CRITICAL,True,13,3,False,
2024-01-04 14:26:26,admin_alice,SELECT,customers,509,0,2,0.749,CRITICAL,True,14,3,False,
2024-01-04 14:37:59,admin_bob,SELECT,products,319,0,1,0.499,LOW,False,14,3,False,
2024-01-04 14:48:18,admin_bob,SELECT,orders,445,0,1,0.872,MEDIUM,False,14,3,False,
2024-01-04 14:51:03,admin_alice,SELECT,transactions,603,0,1,1.114,CRITICAL,True,14,3,False,
2024-01-04 14:54:22,admin_bob,SELECT,config,409,0,3,0.776,HIGH,False,14,3,False,
2024-01-04 14:55:27,admin_bob,UPDATE,transactions,124,0,1,0.575,CRITICAL,True,14,3,False,
2024-01-04 15:00:07,admin_bob,UPDATE,audit_logs,210,0,1,0.242,MEDIUM,False,15,3,False,
2024-01-04 15:12:05,admin_bob,SELECT,transactions,107,0,2,0.166,CRITICAL,True,15,3,False,
2024-01-04 15:18:45,admin_bob,DELETE,audit_logs,284,0,1,0.658,MEDIUM,False,15,3,False,
2024-01-04 15:25:15,admin_bob,SELECT,config,50,0,3,0.995,HIGH,False,15,3,False,
2024-01-04 15:33:55,admin_charlie,SELECT,products,56,0,2,0.744,LOW,False,15,3,False,
2024-01-04 15:35:05,admin_bob,SELECT,transactions,188,0,1,0.464,CRITICAL,True,15,3,False,
2024-01-04 15:48:46,admin_charlie,INSERT,orders,161,0,4,1.108,MEDIUM,False,15,3,False,
2024-01-04 15:55:54,admin_bob,UPDATE,config,268,0,3,1.465,HIGH,False,15,3,False,
2024-01-04 16:08:01,admin_alice,SELECT,transactions,845,0,2,1.04,CRITICAL,True,16,3,False,
2024-01-04 16:33:15,admin_bob,SELECT,config,76,0,3,0.927,HIGH,False,16,3,False,
2024-01-04 16:34:45,admin_bob,SELECT,transactions,421,0,1,0.689,CRITICAL,True,16,3,False,
2024-01-04 16:40:24,admin_alice,SELECT,transactions,787,0,1,1.063,CRITICAL,True,16,3,False,
2024-01-04 16:47:20,admin_bob,SELECT,audit_logs,469,0,3,1.032,MEDIUM,False,16,3,False,
2024-01-04 16:52:44,admin_charlie,JOIN,products,90,4,5,2.728,LOW,False,16,3,False,
2024-01-04 17:22:39,admin_charlie,INSERT,customers,57,0,3,0.991,CRITICAL,True,17,3,False,
2024-01-04 17:33:55,admin_bob,SELECT,audit_logs,328,0,2,1.3,MEDIUM,False,17,3,False,
2024-01-04 17:45:49,admin_bob,UPDATE,transactions,276,0,1,0.416,CRITICAL,True,17,3,False,
2024-01-04 17:49:42,admin_bob,JOIN,audit_logs,8,0,1,0.428,MEDIUM,False,17,3,False,
2024-01-04 17:52:37,admin_charlie,JOIN,orders,32,4,4,2.784,MEDIUM,False,17,3,False,
2024-01-04 18:08:20,admin_bob,SELECT,orders,476,0,2,0.941,MEDIUM,False,18,3,False,
2024-01-04 18:28:08,admin_bob,INSERT,customers,60,0,1,0.502,CRITICAL,True,18,3,False,
2024-01-04 18:40:35,admin_bob,SELECT,audit_logs,47,0,3,0.792,MEDIUM,False,18,3,False,
2024-01-04 18:42:53,admin_charlie,UPDATE,products,49,0,2,0.77,LOW,False,18,3,False,
2024-01-04 18:47:42,admin_bob,SELECT,config,246,0,3,1.0,HIGH,False,18,3,False,
2024-01-04 19:08:08,admin_bob,UPDATE,customers,8,0,1,0.33,CRITICAL,True,19,3,False,
2024-01-04 19:11:05,admin_bob,SELECT,transactions,362,0,1,0.381,CRITICAL,True,19,3,False,
2024-01-04 19:12:45,admin_charlie,SELECT,customers,76,0,5,1.216,CRITICAL,True,19,3,False,
2024-01-04 19:33:03,admin_bob,JOIN,products,247,0,3,0.776,LOW,False,19,3,False,
2024-01-04 19:33:27,admin_bob,INSERT,config,177,0,1,0.482,HIGH,False,19,3,False,
2024-01-04 19:42:48,admin_bob,UPDATE,config,337,0,3,1.138,HIGH,False,19,3,False,
2024-01-04 20:10:52,admin_bob,SELECT,config,41,0,3,0.952,HIGH,False,20,3,False,
2024-01-04 20:39:17,admin_bob,SELECT,transactions,386,0,3,0.576,CRITICAL,True,20,3,False,
2024-01-04 20:54:15,admin_bob,JOIN,audit_logs,21,0,2,0.559,MEDIUM,False,20,3,False,
2024-01-04 21:17:57,admin_bob,UPDATE,transactions,150,0,1,0.325,CRITICAL,True,21,3,False,
2024-01-04 21:19:23,admin_bob,SELECT,transactions,364,0,2,0.611,CRITICAL,True,21,3,False,
2024-01-04 21:21:51,admin_bob,DELETE,audit_logs,168,0,2,0.742,MEDIUM,False,21,3,False,
2024-01-05 07:05:47,admin_bob,DELETE,audit_logs,186,0,3,1.137,MEDIUM,False,7,4,False,
2024-01-05 07:48:46,admin_bob,DELETE,transactions,57,0,3,0.523,CRITICAL,True,7,4,False,
2024-01-05 08:08:23,admin_bob,DELETE,customers,28,0,2,0.34,CRITICAL,True,8,4,False,
2024-01-05 08:12:33,admin_alice,SELECT,orders,956,0,1,0.855,MEDIUM,False,8,4,False,
2024-01-05 08:17:55,admin_bob,UPDATE,transactions,49,0,3,0.676,CRITICAL,True,8,4,False,
2024-01-05 08:33:54,admin_bob,SELECT,config,352,0,3,1.233,HIGH,False,8,4,False,
2024-01-05 08:37:26,admin_bob,INSERT,config,277,0,2,0.741,HIGH,False,8,4,False,
2024-01-05 08:48:32,admin_alice,JOIN,transactions,332,1,1,1.377,CRITICAL,True,8,4,False,
2024-01-05 08:48:37,admin_alice,SELECT,transactions,842,0,1,0.971,CRITICAL,True,8,4,False,
2024-01-05 09:08:31,admin_bob,DELETE,audit_logs,456,0,1,0.393,MEDIUM,False,9,4,False,
2024-01-05 09:10:31,admin_charlie,SELECT,customers,153,0,4,0.5,CRITICAL,True,9,4,False,
2024-01-05 09:28:40,admin_bob,DELETE,audit_logs,79,0,3,0.585,MEDIUM,False,9,4,False,
2024-01-05 09:31:21,admin_alice,SELECT,transactions,915,0,2,1.049,CRITICAL,True,9,4,False,
2024-01-05 09:41:59,admin_alice,SELECT,transactions,483,0,1,0.862,CRITICAL,True,9,4,False,
2024-01-05 09:49:00,admin_charlie,SELECT,orders,87,0,3,0.902,MEDIUM,False,9,4,False,
2024-01-05 10:07:02,admin_alice,SELECT,transactions,54,0,1,0.278,CRITICAL,True,10,4,False,
2024-01-05 10:16:34,admin_alice,JOIN,customers,673,1,2,2.845,CRITICAL,True,10,4,False,
2024-01-05 10:36:38,admin_alice,SELECT,customers,622,0,2,1.682,CRITICAL,True,10,4,False,
2024-01-05 10:51:44,admin_charlie,SELECT,customers,112,0,4,1.04,CRITICAL,True,10,4,False,
2024-01-05 10:57:48,admin_alice,SELECT,customers,309,0,1,0.449,CRITICAL,True,10,4,False,
2024-01-05 11:05:37,admin_bob,DELETE,config,202,0,2,0.583,HIGH,False,11,4,False,
2024-01-05 11:06:44,admin_alice,SELECT,orders,950,0,1,1.124,MEDIUM,False,11,4,False,
2024-01-05 11:09:35,admin_bob,SELECT,transactions,255,0,3,1.257,CRITICAL,True,11,4,False,
2024-01-05 11:16:44,admin_alice,UPDATE,customers,174,0,1,0.363,CRITICAL,True,11,4,False,
2024-01-05 11:18:56,admin_bob,INSERT,customers,23,0,2,0.727,CRITICAL,True,11,4,False,
2024-01-05 11:19:18,admin_bob,UPDATE,customers,101,0,2,0.601,CRITICAL,True,11,4,False,
2024-01-05 11:31:05,admin_alice,SELECT,transactions,596,0,1,1.072,CRITICAL,True,11,4,False,
2024-01-05 11:32:23,admin_bob,INSERT,customers,94,0,1,0.351,CRITICAL,True,11,4,False,
2024-01-05 11:48:44,admin_alice,UPDATE,orders,588,0,1,0.417,MEDIUM,False,11,4,False,
2024-01-05 12:04:10,admin_charlie,SELECT,orders,115,0,4,0.949,MEDIUM,False,12,4,False,
2024-01-05 12:12:39,admin_alice,JOIN,customers,136,1,1,1.035,CRITICAL,True,12,4,False,
2024-01-05 12:15:11,admin_alice,SELECT,transactions,66,0,2,0.728,CRITICAL,True,12,4,False,
2024-01-05 12:16:55,admin_alice,SELECT,orders,591,0,1,0.896,MEDIUM,False,12,4,False,
2024-01-05 12:40:16,admin_bob,SELECT,config,441,0,2,1.5,HIGH,False,12,4,False,
2024-01-05 12:51:19,admin_bob,UPDATE,transactions,366,0,1,0.629,CRITICAL,True,12,4,False,
2024-01-05 13:36:37,admin_charlie,JOIN,customers,36,2,2,0.98,CRITICAL,True,13,4,False,
2024-01-05 13:37:53,admin_bob,SELECT,transactions,371,0,1,0.676,CRITICAL,True,13,4,False,
2024-01-05 13:44:46,admin_alice,JOIN,orders,496,1,2,2.197,MEDIUM,False,13,4,False,
2024-01-05 13:57:00,admin_charlie,SELECT,audit_logs,169,0,2,0.801,MEDIUM,False,13,4,False,
2024-01-05 13:58:14,admin_alice,SELECT,transactions,134,0,1,0.245,CRITICAL,True,13,4,False,
2024-01-05 14:03:50,admin_alice,SELECT,customers,492,0,1,0.743,CRITICAL,True,14,4,False,
2024-01-05 14:14:21,admin_bob,UPDATE,customers,471,0,2,0.644,CRITICAL,True,14,4,False,
2024-01-05 14:27:57,admin_bob,DELETE,config,187,0,3,1.078,HIGH,False,14,4,False,
2024-01-05 14:29:06,admin_alice,SELECT,customers,10,0,1,0.358,CRITICAL,True,14,4,False,
2024-01-05 14:40:05,admin_bob,SELECT,audit_logs,156,0,3,1.088,MEDIUM,False,14,4,False,
2024-01-05 14:46:03,admin_charlie,UPDATE,customers,164,0,4,1.012,CRITICAL,True,14,4,False,
2024-01-05 14:52:38,admin_alice,SELECT,customers,790,0,1,1.027,CRITICAL,True,14,4,False,
2024-01-05 14:53:53,admin_bob,UPDATE,customers,227,0,1,0.787,CRITICAL,True,14,4,False,
2024-01-05 15:00:42,admin_bob,SELECT,orders,452,0,2,0.906,MEDIUM,False,15,4,False,
2024-01-05 15:02:46,admin_bob,SELECT,orders,24,0,1,0.227,MEDIUM,False,15,4,False,
2024-01-05 15:06:25,admin_charlie,INSERT,customers,106,0,5,0.804,CRITICAL,True,15,4,False,
2024-01-05 15:09:58,admin_bob,UPDATE,audit_logs,456,0,3,1.308,MEDIUM,False,15,4,False,
2024-01-05 15:11:15,admin_bob,UPDATE,audit_logs,135,0,3,1.018,MEDIUM,False,15,4,False,
2024-01-05 15:22:08,admin_alice,SELECT,transactions,367,0,1,0.881,CRITICAL,True,15,4,False,
2024-01-05 15:22:14,admin_alice,SELECT,products,763,0,1,1.444,LOW,False,15,4,False,
2024-01-05 15:30:48,admin_bob,UPDATE,transactions,214,0,2,0.755,CRITICAL,True,15,4,False,
2024-01-05 15:34:46,admin_bob,SELECT,customers,236,0,1,0.633,CRITICAL,True,15,4,False,
2024-01-05 15:46:30,admin_alice,SELECT,orders,983,0,2,1.852,MEDIUM,False,15,4,False,
2024-01-05 15:48:53,admin_bob,INSERT,customers,53,0,2,0.515,CRITICAL,True,15,4,False,
2024-01-05 16:01:54,admin_charlie,JOIN,products,155,2,2,2.698,LOW,False,16,4,False,
2024-01-05 16:28:32,admin_bob,DELETE,transactions,175,0,3,1.019,CRITICAL,True,16,4,False,
2024-01-05 16:48:15,admin_charlie,SELECT,orders,32,0,4,0.969,MEDIUM,False,16,4,False,
2024-01-05 16:51:22,admin_charlie,UPDATE,products,62,0,2,0.739,LOW,False,16,4,False,
2024-01-05 17:04:12,admin_charlie,SELECT,orders,101,0,2,0.447,MEDIUM,False,17,4,False,
2024-01-05 17:12:49,admin_bob,DELETE,config,169,0,3,0.194,HIGH,False,17,4,False,
2024-01-05 17:24:35,admin_bob,SELECT,audit_logs,340,0,3,1.263,MEDIUM,False,17,4,False,
2024-01-05 17:25:56,admin_bob,SELECT,config,19,0,3,0.708,HIGH,False,17,4,False,
2024-01-05 17:28:06,admin_charlie,SELECT,products,94,0,4,0.969,LOW,False,17,4,False,
2024-01-05 17:47:58,admin_charlie,DELETE,orders,54,0,2,0.401,MEDIUM,False,17,4,False,
2024-01-05 17:53:55,admin_bob,UPDATE,customers,173,0,1,0.311,CRITICAL,True,17,4,False,
2024-01-05 17:56:59,admin_charlie,SELECT,orders,168,0,4,1.387,MEDIUM,False,17,4,False,
2024-01-05 17:59:36,admin_alice,SELECT,transactions,210,0,1,0.541,CRITICAL,True,17,4,False,
2024-01-05 18:06:40,admin_bob,SELECT,transactions,31,0,2,0.63,CRITICAL,True,18,4,False,
2024-01-05 18:13:16,admin_charlie,JOIN,products,91,3,5,2.148,LOW,False,18,4,False,
2024-01-05 18:25:03,admin_bob,JOIN,audit_logs,312,0,2,1.017,MEDIUM,False,18,4,False,
2024-01-05 18:35:08,admin_charlie,SELECT,transactions,129,0,5,1.138,CRITICAL,True,18,4,False,
2024-01-05 19:03:57,admin_charlie,UPDATE,customers,111,0,5,1.096,CRITICAL,True,19,4,False,
2024-01-05 19:39:35,admin_charlie,JOIN,orders,4,4,3,2.793,MEDIUM,False,19,4,False,
2024-01-05 20:00:42,admin_bob,UPDATE,transactions,242,0,2,0.81,CRITICAL,True,20,4,False,
2024-01-05 20:05:28,admin_bob,SELECT,orders,161,0,1,0.45,MEDIUM,False,20,4,False,
2024-01-05 20:40:33,admin_bob,SELECT,transactions,153,0,1,0.338,CRITICAL,True,20,4,False,
2024-01-05 21:40:45,admin_bob,SELECT,audit_logs,84,0,1,0.259,MEDIUM,False,21,4,False,
2024-01-06 07:11:52,admin_bob,SELECT,audit_logs,390,0,1,0.72,MEDIUM,False,7,5,False,
2024-01-06 08:48:11,admin_alice,SELECT,customers,858,0,1,1.316,CRITICAL,True,8,5,False,
2024-01-06 11:56:27,admin_bob,SELECT,customers,33,0,2,0.494,CRITICAL,True,11,5,False,
2024-01-06 14:58:05,admin_alice,JOIN,orders,518,1,2,1.436,MEDIUM,False,14,5,False,
2024-01-06 15:14:22,admin_charlie,SELECT,orders,148,0,2,0.731,MEDIUM,False,15,5,False,
2024-01-06 15:19:30,admin_bob,SELECT,transactions,22,0,3,0.656,CRITICAL,True,15,5,False,
2024-01-06 15:32:48,admin_bob,UPDATE,audit_logs,283,0,2,0.882,MEDIUM,False,15,5,False,
2024-01-06 15:36:07,admin_bob,SELECT,customers,114,0,3,0.724,CRITICAL,True,15,5,False,
2024-01-06 16:16:33,admin_alice,SELECT,customers,591,0,2,0.783,CRITICAL,True,16,5,False,
2024-01-06 17:14:35,admin_alice,SELECT,transactions,378,0,1,0.597,CRITICAL,True,17,5,False,
2024-01-06 17:32:13,admin_alice,SELECT,orders,934,0,1,1.345,MEDIUM,False,17,5,False,
2024-01-06 19:01:29,admin_charlie,SELECT,audit_logs,84,0,3,0.64,MEDIUM,False,19,5,False,
2024-01-07 07:44:03,admin_bob,DELETE,customers,385,0,2,1.335,CRITICAL,True,7,6,False,
2024-01-07 10:02:57,admin_charlie,SELECT,orders,48,0,4,1.064,MEDIUM,False,10,6,False,
2024-01-07 10:08:44,admin_bob,UPDATE,config,176,0,2,0.501,HIGH,False,10,6,False,
2024-01-07 10:09:33,admin_alice,SELECT,transactions,175,0,2,0.682,CRITICAL,True,10,6,False,
2024-01-07 10:34:46,admin_bob,UPDATE,config,323,0,2,0.668,HIGH,False,10,6,False,
2024-01-07 11:35:58,admin_charlie,SELECT,customers,102,0,2,0.684,CRITICAL,True,11,6,False,
2024-01-07 12:27:40,admin_alice,SELECT,customers,954,0,1,0.954,CRITICAL,True,12,6,False,
2024-01-07 12:46:32,admin_charlie,SELECT,orders,40,0,4,0.874,MEDIUM,False,12,6,False,
2024-01-07 12:50:47,admin_bob,SELECT,transactions,98,0,2,0.443,CRITICAL,True,12,6,False,
2024-01-07 15:55:26,admin_charlie,SELECT,orders,73,0,2,0.757,MEDIUM,False,15,6,False,
2024-01-07 16:07:25,admin_alice,SELECT,transactions,527,0,2,0.975,CRITICAL,True,16,6,False,
2024-01-07 16:27:16,admin_charlie,SELECT,orders,168,0,4,1.162,MEDIUM,False,16,6,False,
2024-01-07 17:20:24,admin_bob,SELECT,audit_logs,379,0,1,0.65,MEDIUM,False,17,6,False,
2024-01-07 17:42:54,admin_alice,SELECT,transactions,29,0,1,0.503,CRITICAL,True,17,6,False,
2024-01-07 19:03:00,admin_bob,SELECT,audit_logs,79,0,3,0.42,MEDIUM,False,19,6,False,
2024-01-07 21:26:09,admin_bob,SELECT,config,233,0,3,1.117,HIGH,False,21,6,False,
2024-01-08 07:25:01,admin_bob,SELECT,customers,146,0,2,0.519,CRITICAL,True,7,0,False,
2024-01-08 07:31:35,admin_bob,SELECT,products,442,0,3,1.098,LOW,False,7,0,False,
2024-01-08 07:54:58,admin_bob,UPDATE,config,20,0,2,0.558,HIGH,False,7,0,False,
2024-01-08 08:08:27,admin_alice,SELECT,orders,57,0,1,0.179,MEDIUM,False,8,0,False,
2024-01-08 08:52:28,admin_alice,SELECT,customers,80,0,1,0.538,CRITICAL,True,8,0,False,
2024-01-08 08:53:36,admin_alice,SELECT,customers,779,0,1,1.844,CRITICAL,True,8,0,False,
2024-01-08 09:23:57,admin_charlie,SELECT,config,72,0,5,0.756,HIGH,False,9,0,False,
2024-01-08 09:43:34,admin_charlie,JOIN,customers,140,2,2,1.763,CRITICAL,True,9,0,False,
2024-01-08 09:44:26,admin_bob,SELECT,audit_logs,269,0,1,0.518,MEDIUM,False,9,0,False,
2024-01-08 10:09:39,admin_alice,SELECT,transactions,363,0,1,1.108,CRITICAL,True,10,0,False,
2024-01-08 10:18:01,admin_alice,SELECT,orders,702,0,2,0.976,MEDIUM,False,10,0,False,
2024-01-08 10:36:18,admin_alice,SELECT,orders,101,0,1,0.263,MEDIUM,False,10,0,False,
2024-01-08 10:44:46,admin_alice,SELECT,customers,138,0,2,0.618,CRITICAL,True,10,0,False,
2024-01-08 10:51:54,admin_bob,DELETE,customers,464,0,1,0.73,CRITICAL,True,10,0,False,
2024-01-08 10:59:38,admin_bob,SELECT,audit_logs,64,0,2,0.451,MEDIUM,False,10,0,False,
2024-01-08 11:19:02,admin_bob,JOIN,transactions,296,0,3,0.813,CRITICAL,True,11,0,False,
2024-01-08 11:41:16,admin_bob,UPDATE,audit_logs,222,0,2,0.653,MEDIUM,False,11,0,False,
2024-01-08 11:56:48,admin_alice,SELECT,customers,344,0,2,0.654,CRITICAL,True,11,0,False,
2024-01-08 11:57:59,admin_charlie,SELECT,customers,28,0,2,0.761,CRITICAL,True,11,0,False,
2024-01-08 12:22:12,admin_alice,SELECT,orders,54,0,1,0.392,MEDIUM,False,12,0,False,
2024-01-08 12:25:48,admin_alice,SELECT,orders,830,0,1,1.115,MEDIUM,False,12,0,False,
2024-01-08 12:42:31,admin_alice,SELECT,config,677,0,1,0.753,HIGH,False,12,0,False,
2024-01-08 12:47:28,admin_alice,SELECT,customers,251,0,1,0.525,CRITICAL,True,12,0,False,
2024-01-08 12:49:46,admin_bob,SELECT,transactions,404,0,2,0.665,CRITICAL,True,12,0,False,
2024-01-08 12:52:21,admin_alice,SELECT,customers,278,0,1,0.431,CRITICAL,True,12,0,False,
2024-01-08 12:56:46,admin_bob,UPDATE,audit_logs,129,0,2,0.79,MEDIUM,False,12,0,False,
2024-01-08 13:10:27,admin_bob,UPDATE,transactions,486,0,2,0.735,CRITICAL,True,13,0,False,
2024-01-08 13:22:51,admin_charlie,SELECT,customers,182,0,4,1.37,CRITICAL,True,13,0,False,
2024-01-08 13:44:50,admin_charlie,SELECT,customers,115,0,4,0.964,CRITICAL,True,13,0,False,
2024-01-08 13:51:24,admin_charlie,SELECT,products,84,0,4,0.725,LOW,False,13,0,False,
2024-01-08 14:03:12,admin_charlie,JOIN,products,20,2,2,1.455,LOW,False,14,0,False,
2024-01-08 14:07:54,admin_charlie,SELECT,orders,32,0,4,1.278,MEDIUM,False,14,0,False,
2024-01-08 14:17:16,admin_charlie,JOIN,transactions,94,3,2,3.048,CRITICAL,True,14,0,False,
2024-01-08 14:18:59,admin_charlie,SELECT,transactions,144,0,4,0.82,CRITICAL,True,14,0,False,
2024-01-08 14:19:25,admin_bob,SELECT,transactions,201,0,3,0.998,CRITICAL,True,14,0,False,
2024-01-08 14:22:10,admin_bob,SELECT,audit_logs,59,0,3,0.678,MEDIUM,False,14,0,False,
2024-01-08 14:28:29,admin_bob,SELECT,orders,49,0,1,0.459,MEDIUM,False,14,0,False,
2024-01-08 14:31:04,admin_alice,SELECT,transactions,323,0,1,0.485,CRITICAL,True,14,0,False,
2024-01-08 14:39:20,admin_alice,SELECT,transactions,615,0,2,0.425,CRITICAL,True,14,0,False,
2024-01-08 14:45:23,admin_bob,UPDATE,config,343,0,1,0.703,HIGH,False,14,0,False,
2024-01-08 15:03:27,admin_alice,SELECT,transactions,943,0,2,1.762,CRITICAL,True,15,0,False,
2024-01-08 15:07:42,admin_alice,SELECT,transactions,490,0,1,0.624,CRITICAL,True,15,0,False,
2024-01-08 15:40:53,admin_bob,SELECT,transactions,327,0,1,0.733,CRITICAL,True,15,0,False,
2024-01-08 15:42:30,admin_charlie,JOIN,products,85,4,5,2.573,LOW,False,15,0,False,
2024-01-08 15:47:17,admin_bob,UPDATE,customers,106,0,3,1.173,CRITICAL,True,15,0,False,
2024-01-08 15:55:00,admin_alice,SELECT,customers,508,0,2,1.34,CRITICAL,True,15,0,False,
2024-01-08 16:05:50,admin_alice,SELECT,customers,639,0,1,0.631,CRITICAL,True,16,0,False,
2024-01-08 16:10:07,admin_bob,SELECT,transactions,8,0,1,0.233,CRITICAL,True,16,0,False,
2024-01-08 16:12:44,admin_charlie,UPDATE,customers,77,0,2,0.87,CRITICAL,True,16,0,False,
2024-01-08 16:19:37,admin_bob,UPDATE,customers,189,0,2,0.883,CRITICAL,True,16,0,False,
2024-01-08 16:26:11,admin_charlie,SELECT,config,115,0,4,0.743,HIGH,False,16,0,False,
2024-01-08 16:27:52,admin_charlie,SELECT,products,150,0,5,1.1,LOW,False,16,0,False,
2024-01-08 16:29:12,admin_bob,SELECT,config,322,0,2,0.999,HIGH,False,16,0,False,
2024-01-08 16:37:27,admin_charlie,INSERT,products,68,0,3,1.016,LOW,False,16,0,False,
2024-01-08 16:39:17,admin_alice,JOIN,transactions,527,1,2,1.789,CRITICAL,True,16,0,False,
2024-01-08 16:39:44,admin_alice,SELECT,transactions,309,0,1,0.49,CRITICAL,True,16,0,False,
2024-01-08 16:41:27,admin_alice,SELECT,orders,767,0,1,0.831,MEDIUM,False,16,0,False,
2024-01-08 16:42:24,admin_bob,SELECT,transactions,139,0,2,0.905,CRITICAL,True,16,0,False,
2024-01-08 16:48:20,admin_charlie,UPDATE,customers,103,0,5,1.816,CRITICAL,True,16,0,False,
2024-01-08 16:56:54,admin_bob,SELECT,audit_logs,278,0,1,0.571,MEDIUM,False,16,0,False,
2024-01-08 17:16:15,admin_alice,SELECT,transactions,813,0,2,0.679,CRITICAL,True,17,0,False,
2024-01-08 17:19:11,admin_bob,SELECT,transactions,61,0,2,0.582,CRITICAL,True,17,0,False,
2024-01-08 17:22:16,admin_alice,SELECT,transactions,834,0,1,0.759,CRITICAL,True,17,0,False,
2024-01-08 17:22:24,admin_alice,SELECT,customers,758,0,1,1.305,CRITICAL,True,17,0,False,
2024-01-08 17:28:02,admin_alice,SELECT,orders,960,0,2,0.824,MEDIUM,False,17,0,False,
2024-01-08 17:30:42,admin_alice,JOIN,transactions,71,1,2,0.622,CRITICAL,True,17,0,False,
2024-01-08 17:36:47,admin_alice,SELECT,transactions,509,0,1,1.251,CRITICAL,True,17,0,False,
2024-01-08 17:42:58,admin_alice,SELECT,transactions,261,0,1,0.469,CRITICAL,True,17,0,False,
2024-01-08 17:46:55,admin_bob,SELECT,transactions,256,0,3,0.883,CRITICAL,True,17,0,False,
2024-01-08 17:50:13,admin_alice,SELECT,orders,941,0,2,1.679,MEDIUM,False,17,0,False,
2024-01-08 17:56:12,admin_alice,SELECT,customers,884,0,2,1.741,CRITICAL,True,17,0,False,
2024-01-08 18:07:00,admin_bob,SELECT,audit_logs,405,0,3,1.253,MEDIUM,False,18,0,False,
2024-01-08 18:13:30,admin_charlie,SELECT,customers,77,0,5,0.941,CRITICAL,True,18,0,False,
2024-01-08 18:17:47,admin_charlie,INSERT,transactions,132,0,3,0.913,CRITICAL,True,18,0,False,
2024-01-08 18:48:42,admin_charlie,SELECT,orders,32,0,2,0.672,MEDIUM,False,18,0,False,
2024-01-08 18:57:33,admin_bob,SELECT,transactions,394,0,3,1.036,CRITICAL,True,18,0,False,
2024-01-08 19:06:39,admin_bob,UPDATE,transactions,331,0,1,0.497,CRITICAL,True,19,0,False,
2024-01-08 19:09:18,admin_bob,UPDATE,products,171,0,2,0.804,LOW,False,19,0,False,
2024-01-08 19:20:29,admin_charlie,SELECT,customers,116,0,4,1.022,CRITICAL,True,19,0,False,
2024-01-08 19:25:46,admin_charlie,UPDATE,products,156,0,2,0.826,LOW,False,19,0,False,
2024-01-08 19:31:27,admin_bob,SELECT,customers,356,0,3,1.325,CRITICAL,True,19,0,False,
2024-01-08 19:31:35,admin_bob,SELECT,transactions,448,0,2,0.939,CRITICAL,True,19,0,False,
2024-01-08 20:49:47,admin_bob,SELECT,products,232,0,3,1.243,LOW,False,20,0,False,
2024-01-08 20:59:47,admin_bob,SELECT,customers,462,0,2,1.279,CRITICAL,True,20,0,False,
2024-01-08 21:14:03,admin_bob,SELECT,orders,357,0,1,0.414,MEDIUM,False,21,0,False,
2024-01-08 21:58:04,admin_bob,JOIN,orders,246,0,1,0.299,MEDIUM,False,21,0,False,
2024-01-09 07:01:28,admin_bob,DELETE,transactions,435,0,1,0.533,CRITICAL,True,7,1,False,
2024-01-09 07:19:43,admin_bob,SELECT,customers,54,0,3,0.996,CRITICAL,True,7,1,False,
2024-01-09 08:04:53,admin_bob,SELECT,customers,34,0,1,0.204,CRITICAL,True,8,1,False,
2024-01-09 08:14:34,admin_alice,SELECT,transactions,696,0,2,1.072,CRITICAL,True,8,1,False,
2024-01-09 08:21:37,admin_alice,JOIN,transactions,696,1,1,1.012,CRITICAL,True,8,1,False,
2024-01-09 08:37:16,admin_alice,SELECT,products,375,0,2,0.708,LOW,False,8,1,False,
2024-01-09 08:48:40,admin_bob,SELECT,transactions,381,0,2,1.016,CRITICAL,True,8,1,False,
2024-01-09 08:55:35,admin_alice,SELECT,orders,805,0,2,1.635,MEDIUM,False,8,1,False,
2024-01-09 08:59:53,admin_bob,SELECT,audit_logs,96,0,1,0.577,MEDIUM,False,8,1,False,
2024-01-09 09:15:45,admin_bob,SELECT,customers,110,0,1,0.321,CRITICAL,True,9,1,False,
2024-01-09 09:17:03,admin_alice,SELECT,customers,912,0,2,1.444,CRITICAL,True,9,1,False,
2024-01-09 09:19:45,admin_bob,SELECT,audit_logs,111,0,1,0.422,MEDIUM,False,9,1,False,
2024-01-09 09:25:22,admin_bob,UPDATE,transactions,440,0,3,0.883,CRITICAL,True,9,1,False,
2024-01-09 09:37:41,admin_bob,UPDATE,config,244,0,2,0.783,HIGH,False,9,1,False,
2024-01-09 09:44:55,admin_alice,SELECT,transactions,499,0,1,1.101,CRITICAL,True,9,1,False,
2024-01-09 09:52:36,admin_bob,SELECT,audit_logs,269,0,1,0.767,MEDIUM,False,9,1,False,
2024-01-09 10:00:06,admin_bob,UPDATE,products,8,0,1,0.392,LOW,False,10,1,False,
2024-01-09 10:16:34,admin_alice,SELECT,transactions,441,0,2,0.486,CRITICAL,True,10,1,False,
2024-01-09 10:21:39,admin_alice,SELECT,transactions,147,0,1,0.556,CRITICAL,True,10,1,False,
2024-01-09 10:38:59,admin_bob,INSERT,transactions,408,0,2,0.82,CRITICAL,True,10,1,False,
2024-01-09 10:46:11,admin_charlie,SELECT,products,183,0,4,0.646,LOW,False,10,1,False,
2024-01-09 10:51:38,admin_charlie,SELECT,customers,135,0,4,1.538,CRITICAL,True,10,1,False,
2024-01-09 11:05:11,admin_charlie,SELECT,customers,67,0,5,0.877,CRITICAL,True,11,1,False,
2024-01-09 11:31:01,admin_bob,SELECT,config,316,0,1,0.748,HIGH,False,11,1,False,
2024-01-09 11:34:38,admin_charlie,SELECT,config,45,0,5,1.937,HIGH,False,11,1,False,
2024-01-09 11:38:53,admin_alice,SELECT,orders,600,0,1,0.749,MEDIUM,False,11,1,False,
2024-01-09 11:39:15,admin_charlie,JOIN,orders,150,4,5,3.664,MEDIUM,False,11,1,False,
2024-01-09 11:44:21,admin_bob,SELECT,transactions,298,0,2,0.382,CRITICAL,True,11,1,False,
2024-01-09 11:44:25,admin_alice,SELECT,products,767,0,2,1.934,LOW,False,11,1,False,
2024-01-09 12:08:58,admin_alice,SELECT,orders,39,0,1,0.242,MEDIUM,False,12,1,False,
2024-01-09 12:18:37,admin_bob,SELECT,audit_logs,188,0,1,0.421,MEDIUM,False,12,1,False,
2024-01-09 12:20:21,admin_alice,UPDATE,transactions,585,0,2,0.886,CRITICAL,True,12,1,False,
2024-01-09 12:24:19,admin_alice,SELECT,transactions,490,0,2,1.013,CRITICAL,True,12,1,False,
2024-01-09 12:26:51,admin_bob,SELECT,transactions,418,0,1,1.041,CRITICAL,True,12,1,False,
2024-01-09 12:45:56,admin_charlie,SELECT,config,24,0,5,1.741,HIGH,False,12,1,False,
2024-01-09 12:46:00,admin_alice,SELECT,transactions,435,0,1,0.763,CRITICAL,True,12,1,False,
2024-01-09 12:47:14,admin_alice,SELECT,orders,729,0,2,0.913,MEDIUM,False,12,1,False,
2024-01-09 12:48:33,admin_charlie,JOIN,customers,134,3,2,1.94,CRITICAL,True,12,1,False,
2024-01-09 12:50:20,admin_charlie,SELECT,products,195,0,5,1.053,LOW,False,12,1,False,
2024-01-09 13:03:18,admin_bob,SELECT,customers,441,0,1,0.65,CRITICAL,True,13,1,False,
2024-01-09 13:14:57,admin_alice,SELECT,transactions,34,0,1,0.153,CRITICAL,True,13,1,False,
2024-01-09 13:15:13,admin_bob,INSERT,transactions,381,0,1,0.606,CRITICAL,True,13,1,False,
2024-01-09 13:41:08,admin_alice,SELECT,transactions,220,0,1,0.419,CRITICAL,True,13,1,False,
2024-01-09 13:42:24,admin_charlie,SELECT,orders,28,0,3,0.648,MEDIUM,False,13,1,False,
2024-01-09 13:47:45,admin_bob,INSERT,transactions,30,0,2,0.693,CRITICAL,True,13,1,False,
2024-01-09 13:48:42,admin_alice,SELECT,orders,539,0,1,1.185,MEDIUM,False,13,1,False,
2024-01-09 13:51:28,admin_bob,SELECT,transactions,386,0,2,0.631,CRITICAL,True,13,1,False,
2024-01-09 13:56:43,admin_alice,SELECT,transactions,85,0,2,0.703,CRITICAL,True,13,1,False,
2024-01-09 14:04:29,admin_alice,SELECT,config,629,0,2,0.959,HIGH,False,14,1,False,
2024-01-09 14:05:31,admin_alice,SELECT,transactions,617,0,1,1.102,CRITICAL,True,14,1,False,
2024-01-09 14:05:43,admin_charlie,SELECT,products,146,0,4,1.212,LOW,False,14,1,False,
2024-01-09 14:13:44,admin_alice,SELECT,transactions,929,0,2,0.937,CRITICAL,True,14,1,False,
2024-01-09 14:18:35,admin_bob,UPDATE,customers,32,0,2,0.489,CRITICAL,True,14,1,False,
2024-01-09 14:20:09,admin_bob,UPDATE,config,162,0,2,1.049,HIGH,False,14,1,False,
2024-01-09 14:30:49,admin_alice,JOIN,customers,255,1,1,1.102,CRITICAL,True,14,1,False,
2024-01-09 14:45:39,admin_alice,SELECT,orders,26,0,1,0.363,MEDIUM,False,14,1,False,
2024-01-09 14:49:42,admin_bob,JOIN,customers,490,0,3,1.785,CRITICAL,True,14,1,False,
2024-01-09 15:08:53,admin_charlie,SELECT,customers,190,0,2,0.955,CRITICAL,True,15,1,False,
2024-01-09 15:14:53,admin_alice,SELECT,orders,254,0,2,0.797,MEDIUM,False,15,1,False,
2024-01-09 15:23:16,admin_alice,JOIN,products,809,1,2,2.751,LOW,False,15,1,False,
2024-01-09 15:25:24,admin_bob,SELECT,transactions,270,0,2,0.77,CRITICAL,True,15,1,False,
2024-01-09 15:29:44,admin_charlie,SELECT,orders,82,0,4,1.101,MEDIUM,False,15,1,False,
2024-01-09 15:30:21,admin_bob,UPDATE,products,89,0,3,0.796,LOW,False,15,1,False,
2024-01-09 15:31:32,admin_bob,INSERT,config,195,0,3,0.975,HIGH,False,15,1,False,
2024-01-09 15:57:14,admin_charlie,JOIN,customers,83,3,5,2.789,CRITICAL,True,15,1,False,
2024-01-09 15:58:02,admin_alice,SELECT,orders,461,0,1,0.358,MEDIUM,False,15,1,False,
2024-01-09 16:03:28,admin_bob,JOIN,audit_logs,106,0,3,1.128,MEDIUM,False,16,1,False,
2024-01-09 16:06:01,admin_bob,UPDATE,customers,410,0,3,0.885,CRITICAL,True,16,1,False,
2024-01-09 16:08:22,admin_alice,SELECT,audit_logs,56,0,2,0.181,MEDIUM,False,16,1,False,
2024-01-09 16:15:34,admin_alice,SELECT,transactions,206,0,1,0.753,CRITICAL,True,16,1,False,
2024-01-09 16:18:04,admin_alice,JOIN,products,543,1,1,1.886,LOW,False,16,1,False,
2024-01-09 16:24:01,admin_bob,SELECT,config,201,0,2,0.662,HIGH,False,16,1,False,
2024-01-09 16:33:25,admin_alice,JOIN,transactions,719,1,1,1.724,CRITICAL,True,16,1,False,
2024-01-09 16:38:44,admin_alice,SELECT,orders,112,0,2,0.615,MEDIUM,False,16,1,False,
2024-01-09 16:41:17,admin_alice,SELECT,customers,764,0,2,1.429,CRITICAL,True,16,1,False,
2024-01-09 16:59:41,admin_bob,SELECT,audit_logs,374,0,2,1.074,MEDIUM,False,16,1,False,
2024-01-09 17:01:30,admin_bob,INSERT,customers,12,0,1,0.464,CRITICAL,True,17,1,False,
2024-01-09 17:02:08,admin_alice,SELECT,customers,539,0,1,0.72,CRITICAL,True,17,1,False,
2024-01-09 17:12:58,admin_alice,SELECT,customers,447,0,2,0.969,CRITICAL,True,17,1,False,
2024-01-09 17:13:14,admin_bob,DELETE,customers,273,0,3,0.781,CRITICAL,True,17,1,False,
2024-01-09 17:16:59,admin_charlie,SELECT,products,164,0,2,0.696,LOW,False,17,1,False,
2024-01-09 17:25:41,admin_bob,INSERT,customers,275,0,2,0.765,CRITICAL,True,17,1,False,
2024-01-09 17:29:08,admin_alice,SELECT,orders,683,0,1,0.539,MEDIUM,False,17,1,False,
2024-01-09 17:29:54,admin_alice,SELECT,orders,125,0,2,0.534,MEDIUM,False,17,1,False,
2024-01-09 17:43:11,admin_bob,UPDATE,customers,260,0,3,1.054,CRITICAL,True,17,1,False,
2024-01-09 17:44:52,admin_alice,SELECT,customers,879,0,1,0.926,CRITICAL,True,17,1,False,
2024-01-09 17:57:44,admin_charlie,INSERT,audit_logs,42,0,2,0.291,MEDIUM,False,17,1,False,
2024-01-09 17:59:13,admin_charlie,UPDATE,customers,71,0,3,0.158,CRITICAL,True,17,1,False,
2024-01-09 18:15:16,admin_bob,UPDATE,customers,46,0,3,0.73,CRITICAL,True,18,1,False,
2024-01-09 18:16:40,admin_bob,SELECT,audit_logs,109,0,3,1.182,MEDIUM,False,18,1,False,
2024-01-09 18:21:55,admin_bob,DELETE,config,206,0,3,1.07,HIGH,False,18,1,False,
2024-01-09 18:29:35,admin_bob,INSERT,customers,253,0,1,0.445,CRITICAL,True,18,1,False,
2024-01-09 18:32:43,admin_charlie,SELECT,orders,123,0,3,0.759,MEDIUM,False,18,1,False,
2024-01-09 18:42:15,admin_charlie,INSERT,products,50,0,5,1.616,LOW,False,18,1,False,
2024-01-09 18:53:40,admin_bob,SELECT,transactions,235,0,3,1.24,CRITICAL,True,18,1,False,
2024-01-09 19:02:14,admin_bob,SELECT,customers,461,0,2,0.768,CRITICAL,True,19,1,False,
2024-01-09 19:15:30,admin_charlie,SELECT,customers,119,0,2,0.613,CRITICAL,True,19,1,False,
2024-01-09 19:15:34,admin_bob,SELECT,transactions,421,0,1,0.658,CRITICAL,True,19,1,False,
2024-01-09 19:21:56,admin_bob,INSERT,audit_logs,336,0,2,0.52,MEDIUM,False,19,1,False,
2024-01-09 19:32:18,admin_charlie,SELECT,orders,177,0,2,0.515,MEDIUM,False,19,1,False,
2024-01-09 19:53:53,admin_bob,SELECT,customers,480,0,1,0.501,CRITICAL,True,19,1,False,
2024-01-09 19:54:21,admin_charlie,SELECT,orders,76,0,4,0.924,MEDIUM,False,19,1,False,
2024-01-09 19:58:15,admin_bob,SELECT,transactions,243,0,2,0.617,CRITICAL,True,19,1,False,
2024-01-09 19:59:56,admin_charlie,SELECT,customers,137,0,5,1.591,CRITICAL,True,19,1,False,
2024-01-09 20:38:52,admin_bob,SELECT,customers,375,0,1,0.482,CRITICAL,True,20,1,False,
2024-01-09 20:51:37,admin_bob,UPDATE,customers,232,0,3,0.736,CRITICAL,True,20,1,False,
2024-01-09 20:53:22,admin_bob,INSERT,orders,291,0,1,0.438,MEDIUM,False,20,1,False,
2024-01-09 21:35:08,admin_bob,SELECT,config,116,0,3,0.514,HIGH,False,21,1,False,
2024-01-09 21:56:19,admin_bob,UPDATE,transactions,5,0,3,0.54,CRITICAL,True,21,1,False,
2024-01-10 07:16:23,admin_bob,DELETE,audit_logs,318,0,1,0.659,MEDIUM,False,7,2,False,
2024-01-10 07:36:42,admin_bob,UPDATE,customers,146,0,3,0.822,CRITICAL,True,7,2,False,
2024-01-10 08:09:49,admin_bob,SELECT,config,150,0,1,0.316,HIGH,False,8,2,False,
2024-01-10 08:16:08,admin_bob,DELETE,transactions,338,0,3,1.23,CRITICAL,True,8,2,False,
2024-01-10 08:20:56,admin_alice,SELECT,transactions,97,0,1,0.333,CRITICAL,True,8,2,False,
2024-01-10 08:27:40,admin_alice,SELECT,customers,143,0,1,0.408,CRITICAL,True,8,2,False,
2024-01-10 08:41:23,admin_bob,SELECT,config,182,0,1,0.427,HIGH,False,8,2,False,
2024-01-10 08:45:23,admin_alice,SELECT,transactions,491,0,2,1.357,CRITICAL,True,8,2,False,
2024-01-10 08:45:44,admin_bob,SELECT,customers,96,0,3,1.39,CRITICAL,True,8,2,False,
2024-01-10 08:57:03,admin_bob,JOIN,config,263,0,2,0.771,HIGH,False,8,2,False,
2024-01-10 09:00:26,admin_bob,INSERT,customers,61,0,2,0.575,CRITICAL,True,9,2,False,
2024-01-10 09:14:02,admin_bob,SELECT,audit_logs,169,0,3,1.057,MEDIUM,False,9,2,False,
2024-01-10 09:40:36,admin_bob,SELECT,audit_logs,322,0,1,0.749,MEDIUM,False,9,2,False,
2024-01-10 09:43:32,admin_charlie,SELECT,customers,107,0,2,0.561,CRITICAL,True,9,2,False,
2024-01-10 09:46:01,admin_alice,SELECT,customers,339,0,1,0.355,CRITICAL,True,9,2,False,
2024-01-10 09:48:51,admin_alice,SELECT,transactions,10,0,2,0.501,CRITICAL,True,9,2,False,
2024-01-10 09:56:43,admin_bob,SELECT,audit_logs,308,0,1,0.461,MEDIUM,False,9,2,False,
2024-01-10 10:10:37,admin_alice,SELECT,customers,575,0,2,0.948,CRITICAL,True,10,2,False,
2024-01-10 10:13:43,admin_charlie,SELECT,orders,161,0,2,0.965,MEDIUM,False,10,2,False,
2024-01-10 10:16:16,admin_bob,SELECT,transactions,203,0,1,0.654,CRITICAL,True,10,2,False,
2024-01-10 10:46:15,admin_alice,SELECT,customers,501,0,1,1.201,CRITICAL,True,10,2,False,
2024-01-10 10:48:12,admin_bob,JOIN,transactions,334,0,1,0.564,CRITICAL,True,10,2,False,
2024-01-10 10:54:13,admin_alice,SELECT,config,476,0,1,0.771,HIGH,False,10,2,False,
2024-01-10 11:00:11,admin_charlie,SELECT,orders,106,0,2,0.478,MEDIUM,False,11,2,False,
2024-01-10 11:05:19,admin_charlie,INSERT,customers,187,0,2,0.41,CRITICAL,True,11,2,False,
2024-01-10 11:15:49,admin_bob,UPDATE,audit_logs,336,0,2,0.748,MEDIUM,False,11,2,False,
2024-01-10 11:39:08,admin_alice,SELECT,customers,281,0,1,0.983,CRITICAL,True,11,2,False,
2024-01-10 11:57:05,admin_bob,INSERT,audit_logs,279,0,3,1.102,MEDIUM,False,11,2,False,
2024-01-10 12:01:16,admin_bob,SELECT,config,93,0,1,0.539,HIGH,False,12,2,False,
2024-01-10 12:07:00,admin_bob,JOIN,transactions,431,0,3,1.211,CRITICAL,True,12,2,False,
2024-01-10 12:09:20,admin_charlie,INSERT,products,106,0,5,1.628,LOW,False,12,2,False,
2024-01-10 12:13:15,admin_charlie,SELECT,config,134,0,2,0.62,HIGH,False,12,2,False,
2024-01-10 12:21:17,admin_charlie,SELECT,config,117,0,4,1.091,HIGH,False,12,2,False,
2024-01-10 12:25:24,admin_charlie,JOIN,products,82,2,4,2.397,LOW,False,12,2,False,
2024-01-10 12:57:00,admin_bob,DELETE,config,363,0,1,0.469,HIGH,False,12,2,False,
2024-01-10 13:00:32,admin_bob,INSERT,audit_logs,82,0,3,0.868,MEDIUM,False,13,2,False,
2024-01-10 13:01:03,admin_bob,UPDATE,config,81,0,3,0.67,HIGH,False,13,2,False,
2024-01-10 13:03:34,admin_alice,JOIN,orders,292,1,1,1.482,MEDIUM,False,13,2,False,
2024-01-10 13:09:06,admin_bob,INSERT,audit_logs,126,0,1,0.485,MEDIUM,False,13,2,False,
2024-01-10 13:28:54,admin_bob,UPDATE,config,14,0,3,0.636,HIGH,False,13,2,False,
2024-01-10 13:58:06,admin_alice,SELECT,orders,209,0,2,0.856,MEDIUM,False,13,2,False,
2024-01-10 13:59:34,admin_bob,SELECT,customers,212,0,2,0.429,CRITICAL,True,13,2,False,
2024-01-10 14:00:48,admin_charlie,SELECT,orders,157,0,4,1.254,MEDIUM,False,14,2,False,
2024-01-10 14:05:02,admin_alice,SELECT,transactions,861,0,2,0.853,CRITICAL,True,14,2,False,
2024-01-10 14:09:44,admin_bob,DELETE,transactions,101,0,1,0.416,CRITICAL,True,14,2,False,
2024-01-10 14:15:19,admin_charlie,SELECT,customers,154,0,3,0.751,CRITICAL,True,14,2,False,
2024-01-10 14:16:44,admin_alice,SELECT,orders,741,0,2,0.905,MEDIUM,False,14,2,False,
2024-01-10 14:20:22,admin_alice,SELECT,customers,744,0,1,0.905,CRITICAL,True,14,2,False,
2024-01-10 14:25:15,admin_bob,SELECT,products,273,0,1,0.588,LOW,False,14,2,False,
2024-01-10 14:26:09,admin_alice,SELECT,transactions,224,0,2,0.478,CRITICAL,True,14,2,False,
2024-01-10 14:42:42,admin_alice,SELECT,orders,667,0,1,0.626,MEDIUM,False,14,2,False,
2024-01-10 14:49:47,admin_alice,SELECT,customers,254,0,1,0.673,CRITICAL,True,14,2,False,
2024-01-10 14:56:03,admin_charlie,SELECT,products,74,0,3,0.647,LOW,False,14,2,False,
2024-01-10 15:08:51,admin_alice,SELECT,orders,624,0,2,0.767,MEDIUM,False,15,2,False,
2024-01-10 15:13:54,admin_charlie,JOIN,orders,119,3,3,2.064,MEDIUM,False,15,2,False,
2024-01-10 15:16:47,admin_charlie,SELECT,customers,46,0,4,1.487,CRITICAL,True,15,2,False,
2024-01-10 15:25:34,admin_charlie,DELETE,orders,7,0,3,0.873,MEDIUM,False,15,2,False,
2024-01-10 15:43:54,admin_alice,JOIN,audit_logs,930,1,1,1.428,MEDIUM,False,15,2,False,
2024-01-10 15:50:07,admin_alice,SELECT,orders,563,0,1,0.674,MEDIUM,False,15,2,False,
2024-01-10 15:54:17,admin_alice,SELECT,transactions,30,0,2,0.619,CRITICAL,True,15,2,False,
2024-01-10 15:58:10,admin_bob,UPDATE,customers,484,0,1,0.764,CRITICAL,True,15,2,False,
2024-01-10 15:58:16,admin_bob,SELECT,products,372,0,3,1.464,LOW,False,15,2,False,
2024-01-10 16:07:02,admin_alice,SELECT,customers,999,0,1,0.592,CRITICAL,True,16,2,False,
2024-01-10 16:12:06,admin_bob,SELECT,customers,463,0,1,0.771,CRITICAL,True,16,2,False,
2024-01-10 16:15:53,admin_alice,JOIN,orders,490,1,2,1.707,MEDIUM,False,16,2,False,
2024-01-10 16:30:20,admin_alice,SELECT,customers,186,0,1,0.572,CRITICAL,True,16,2,False,
2024-01-10 16:32:15,admin_bob,JOIN,config,413,0,2,1.429,HIGH,False,16,2,False,
2024-01-10 16:37:05,admin_alice,SELECT,orders,512,0,1,0.595,MEDIUM,False,16,2,False,
2024-01-10 16:44:48,admin_alice,JOIN,customers,921,1,2,2.599,CRITICAL,True,16,2,False,
2024-01-10 17:09:24,admin_bob,UPDATE,config,41,0,1,0.195,HIGH,False,17,2,False,
2024-01-10 17:12:14,admin_charlie,SELECT,customers,19,0,3,1.045,CRITICAL,True,17,2,False,
2024-01-10 17:29:56,admin_alice,SELECT,customers,338,0,1,0.483,CRITICAL,True,17,2,False,
2024-01-10 17:35:21,admin_bob,INSERT,customers,157,0,2,0.774,CRITICAL,True,17,2,False,
2024-01-10 17:44:19,admin_charlie,SELECT,audit_logs,154,0,4,1.852,MEDIUM,False,17,2,False,
2024-01-10 17:46:11,admin_bob,JOIN,config,128,0,3,1.152,HIGH,False,17,2,False,
2024-01-10 17:58:31,admin_bob,INSERT,customers,228,0,2,0.672,CRITICAL,True,17,2,False,
2024-01-10 18:20:07,admin_charlie,SELECT,orders,125,0,4,0.801,MEDIUM,False,18,2,False,
2024-01-10 18:20:27,admin_charlie,SELECT,orders,87,0,4,1.284,MEDIUM,False,18,2,False,
2024-01-10 19:14:02,admin_charlie,SELECT,products,9,0,4,0.791,LOW,False,19,2,False,
2024-01-10 19:14:24,admin_bob,UPDATE,customers,474,0,1,0.229,CRITICAL,True,19,2,False,
2024-01-10 19:50:40,admin_bob,UPDATE,config,112,0,2,0.418,HIGH,False,19,2,False,
2024-01-10 19:56:11,admin_charlie,SELECT,customers,124,0,2,0.435,CRITICAL,True,19,2,False,
2024-01-10 20:22:24,admin_bob,INSERT,products,56,0,3,0.516,LOW,False,20,2,False,
2024-01-10 20:26:27,admin_bob,SELECT,config,442,0,2,1.036,HIGH,False,20,2,False,
2024-01-10 20:49:14,admin_bob,SELECT,config,292,0,3,0.719,HIGH,False,20,2,False,
2024-01-10 21:12:40,admin_bob,SELECT,audit_logs,416,0,2,0.686,MEDIUM,False,21,2,False,
2024-01-10 21:17:42,admin_bob,SELECT,config,180,0,2,0.791,HIGH,False,21,2,False,
2024-01-10 21:30:16,admin_bob,SELECT,config,50,0,2,0.724,HIGH,False,21,2,False,
2024-01-10 21:41:50,admin_bob,UPDATE,audit_logs,32,0,3,0.716,MEDIUM,False,21,2,False,
2024-01-11 07:04:38,admin_bob,DELETE,customers,39,0,1,0.29,CRITICAL,True,7,3,False,
2024-01-11 08:01:09,admin_bob,UPDATE,audit_logs,196,0,3,1.208,MEDIUM,False,8,3,False,
2024-01-11 08:06:35,admin_bob,SELECT,customers,393,0,3,0.88,CRITICAL,True,8,3,False,
2024-01-11 08:25:37,admin_alice,SELECT,config,565,0,2,1.59,HIGH,False,8,3,False,
2024-01-11 08:27:08,admin_alice,SELECT,config,293,0,2,0.738,HIGH,False,8,3,False,
2024-01-11 08:47:58,admin_alice,SELECT,transactions,767,0,1,0.695,CRITICAL,True,8,3,False,
2024-01-11 08:49:36,admin_alice,JOIN,transactions,215,1,2,1.882,CRITICAL,True,8,3,False,
2024-01-11 09:00:16,admin_charlie,SELECT,products,105,0,4,1.233,LOW,False,9,3,False,
2024-01-11 09:02:03,admin_bob,SELECT,config,291,0,3,0.849,HIGH,False,9,3,False,
2024-01-11 09:10:43,admin_alice,UPDATE,transactions,981,0,2,1.297,CRITICAL,True,9,3,False,
2024-01-11 09:14:27,admin_alice,SELECT,customers,875,0,2,1.977,CRITICAL,True,9,3,False,
2024-01-11 09:15:36,admin_charlie,SELECT,products,120,0,5,0.777,LOW,False,9,3,False,
2024-01-11 09:16:40,admin_bob,JOIN,config,308,0,3,0.958,HIGH,False,9,3,False,
2024-01-11 09:19:34,admin_alice,JOIN,transactions,631,1,2,0.858,CRITICAL,True,9,3,False,
2024-01-11 09:22:16,admin_bob,DELETE,audit_logs,271,0,1,0.818,MEDIUM,False,9,3,False,
2024-01-11 09:25:32,admin_charlie,SELECT,products,127,0,4,0.937,LOW,False,9,3,False,
2024-01-11 09:34:17,admin_bob,SELECT,transactions,167,0,1,0.52,CRITICAL,True,9,3,False,
2024-01-11 09:34:34,admin_charlie,JOIN,customers,43,3,5,3.493,CRITICAL,True,9,3,False,
2024-01-11 09:42:27,admin_charlie,SELECT,products,42,0,4,1.081,LOW,False,9,3,False,
2024-01-11 09:55:06,admin_bob,UPDATE,customers,276,0,1,0.897,CRITICAL,True,9,3,False,
2024-01-11 09:56:49,admin_alice,SELECT,orders,478,0,2,1.161,MEDIUM,False,9,3,False,
2024-01-11 10:14:47,admin_alice,SELECT,orders,629,0,2,1.23,MEDIUM,False,10,3,False,
2024-01-11 10:37:24,admin_bob,DELETE,transactions,285,0,1,0.494,CRITICAL,True,10,3,False,
2024-01-11 10:42:33,admin_alice,JOIN,transactions,89,1,1,0.991,CRITICAL,True,10,3,False,
2024-01-11 11:08:28,admin_charlie,INSERT,customers,4,0,3,0.061,CRITICAL,True,11,3,False,
2024-01-11 11:15:29,admin_alice,SELECT,config,378,0,2,0.96,HIGH,False,11,3,False,
2024-01-11 11:17:41,admin_bob,JOIN,audit_logs,286,0,3,0.898,MEDIUM,False,11,3,False,
2024-01-11 11:23:27,admin_charlie,SELECT,customers,182,0,4,0.961,CRITICAL,True,11,3,False,
2024-01-11 11:24:22,admin_alice,SELECT,products,530,0,1,0.943,LOW,False,11,3,False,
2024-01-11 11:27:15,admin_bob,JOIN,transactions,486,0,2,1.203,CRITICAL,True,11,3,False,
2024-01-11 11:39:15,admin_alice,SELECT,transactions,366,0,2,0.787,CRITICAL,True,11,3,False,
2024-01-11 11:41:18,admin_alice,SELECT,transactions,288,0,1,0.729,CRITICAL,True,11,3,False,
2024-01-11 11:45:54,admin_charlie,SELECT,products,154,0,2,0.564,LOW,False,11,3,False,
2024-01-11 11:50:01,admin_charlie,INSERT,orders,69,0,2,0.388,MEDIUM,False,11,3,False,
2024-01-11 11:53:20,admin_charlie,JOIN,orders,46,4,3,3.238,MEDIUM,False,11,3,False,
2024-01-11 11:54:09,admin_bob,SELECT,customers,453,0,2,1.471,CRITICAL,True,11,3,False,
2024-01-11 11:55:28,admin_charlie,UPDATE,orders,155,0,2,0.751,MEDIUM,False,11,3,False,
2024-01-11 12:09:50,admin_bob,SELECT,transactions,145,0,3,0.802,CRITICAL,True,12,3,False,
2024-01-11 12:19:49,admin_charlie,JOIN,products,1,4,5,2.608,LOW,False,12,3,False,
2024-01-11 12:21:20,admin_alice,SELECT,orders,144,0,1,0.447,MEDIUM,False,12,3,False,
2024-01-11 12:22:28,admin_alice,SELECT,customers,228,0,1,0.466,CRITICAL,True,12,3,False,
2024-01-11 12:23:26,admin_charlie,SELECT,orders,128,0,4,1.139,MEDIUM,False,12,3,False,
2024-01-11 12:50:52,admin_bob,UPDATE,customers,322,0,3,0.949,CRITICAL,True,12,3,False,
2024-01-11 13:01:57,admin_charlie,JOIN,orders,150,2,5,1.939,MEDIUM,False,13,3,False,
2024-01-11 13:12:18,admin_alice,SELECT,products,707,0,2,1.484,LOW,False,13,3,False,
2024-01-11 13:12:40,admin_bob,SELECT,audit_logs,120,0,2,0.708,MEDIUM,False,13,3,False,
2024-01-11 13:15:00,admin_alice,SELECT,customers,913,0,2,1.5,CRITICAL,True,13,3,False,
2024-01-11 13:16:44,admin_bob,DELETE,customers,238,0,2,0.872,CRITICAL,True,13,3,False,
2024-01-11 13:50:09,admin_alice,SELECT,transactions,857,0,2,0.696,CRITICAL,True,13,3,False,
2024-01-11 14:09:41,admin_bob,INSERT,customers,75,0,1,0.154,CRITICAL,True,14,3,False,
2024-01-11 14:23:32,admin_alice,SELECT,customers,765,0,2,1.537,CRITICAL,True,14,3,False,
2024-01-11 14:34:33,admin_charlie,INSERT,products,59,0,2,0.708,LOW,False,14,3,False,
2024-01-11 14:39:59,admin_alice,SELECT,customers,526,0,1,1.06,CRITICAL,True,14,3,False,
2024-01-11 14:49:46,admin_charlie,SELECT,config,117,0,2,0.295,HIGH,False,14,3,False,
2024-01-11 15:07:29,admin_alice,SELECT,customers,148,0,2,0.959,CRITICAL,True,15,3,False,
2024-01-11 15:22:28,admin_alice,SELECT,customers,222,0,2,0.609,CRITICAL,True,15,3,False,
2024-01-11 15:22:40,admin_charlie,INSERT,orders,159,0,3,0.843,MEDIUM,False,15,3,False,
2024-01-11 15:24:15,admin_charlie,SELECT,customers,22,0,5,1.467,CRITICAL,True,15,3,False,
2024-01-11 15:26:12,admin_bob,SELECT,transactions,152,0,3,1.091,CRITICAL,True,15,3,False,
2024-01-11 15:27:04,admin_bob,SELECT,config,57,0,1,0.416,HIGH,False,15,3,False,
2024-01-11 15:30:11,admin_bob,DELETE,config,358,0,3,0.67,HIGH,False,15,3,False,
2024-01-11 15:31:19,admin_bob,SELECT,audit_logs,396,0,3,1.069,MEDIUM,False,15,3,False,
2024-01-11 15:39:54,admin_alice,SELECT,orders,177,0,2,0.677,MEDIUM,False,15,3,False,
2024-01-11 15:42:20,admin_charlie,INSERT,orders,186,0,3,1.198,MEDIUM,False,15,3,False,
2024-01-11 15:50:09,admin_alice,SELECT,transactions,862,0,1,1.288,CRITICAL,True,15,3,False,
2024-01-11 16:07:36,admin_alice,JOIN,customers,664,1,2,1.233,CRITICAL,True,16,3,False,
2024-01-11 16:50:33,admin_bob,INSERT,config,357,0,2,0.958,HIGH,False,16,3,False,
2024-01-11 16:54:33,admin_alice,SELECT,customers,264,0,1,0.676,CRITICAL,True,16,3,False,
2024-01-11 17:13:10,admin_alice,JOIN,customers,80,1,2,0.65,CRITICAL,True,17,3,False,
2024-01-11 17:14:59,admin_charlie,SELECT,products,52,0,2,0.502,LOW,False,17,3,False,
2024-01-11 17:18:35,admin_bob,UPDATE,transactions,97,0,2,0.573,CRITICAL,True,17,3,False,
2024-01-11 17:22:53,admin_alice,SELECT,customers,926,0,1,1.365,CRITICAL,True,17,3,False,
2024-01-11 17:31:41,admin_alice,SELECT,transactions,66,0,2,0.475,CRITICAL,True,17,3,False,
2024-01-11 17:33:10,admin_charlie,INSERT,customers,69,0,4,0.485,CRITICAL,True,17,3,False,
2024-01-11 17:38:48,admin_bob,UPDATE,config,479,0,2,0.845,HIGH,False,17,3,False,
2024-01-11 17:48:37,admin_alice,SELECT,orders,978,0,2,1.37,MEDIUM,False,17,3,False,
2024-01-11 17:51:12,admin_alice,SELECT,orders,371,0,2,0.92,MEDIUM,False,17,3,False,
2024-01-11 17:54:02,admin_bob,SELECT,transactions,69,0,3,1.019,CRITICAL,True,17,3,False,
2024-01-11 17:58:31,admin_bob,UPDATE,config,368,0,2,0.927,HIGH,False,17,3,False,
2024-01-11 18:04:45,admin_charlie,INSERT,orders,26,0,5,1.561,MEDIUM,False,18,3,False,
2024-01-11 18:09:28,admin_charlie,JOIN,audit_logs,118,2,3,0.714,MEDIUM,False,18,3,False,
2024-01-11 18:11:01,admin_bob,UPDATE,customers,304,0,1,0.319,CRITICAL,True,18,3,False,
2024-01-11 18:14:41,admin_charlie,SELECT,customers,16,0,3,0.599,CRITICAL,True,18,3,False,
2024-01-11 18:35:40,admin_charlie,SELECT,products,73,0,2,0.454,LOW,False,18,3,False,
2024-01-11 18:46:52,admin_charlie,SELECT,orders,53,0,4,1.085,MEDIUM,False,18,3,False,
2024-01-11 18:49:11,admin_charlie,SELECT,config,177,0,4,0.27,HIGH,False,18,3,False,
2024-01-11 18:50:20,admin_bob,SELECT,customers,78,0,1,0.339,CRITICAL,True,18,3,False,
2024-01-11 18:51:24,admin_charlie,SELECT,audit_logs,58,0,3,0.803,MEDIUM,False,18,3,False,
2024-01-11 18:58:54,admin_bob,SELECT,config,486,0,1,1.015,HIGH,False,18,3,False,
2024-01-11 19:02:41,admin_bob,UPDATE,customers,153,0,3,1.073,CRITICAL,True,19,3,False,
2024-01-11 19:03:45,admin_bob,INSERT,audit_logs,420,0,1,0.367,MEDIUM,False,19,3,False,
2024-01-11 19:07:07,admin_charlie,SELECT,orders,21,0,5,1.029,MEDIUM,False,19,3,False,
2024-01-11 19:11:19,admin_bob,SELECT,audit_logs,10,0,3,0.724,MEDIUM,False,19,3,False,
2024-01-11 19:34:02,admin_bob,SELECT,config,327,0,1,0.506,HIGH,False,19,3,False,
2024-01-11 19:37:44,admin_bob,SELECT,audit_logs,354,0,1,1.012,MEDIUM,False,19,3,False,
2024-01-11 19:42:48,admin_bob,JOIN,customers,262,0,1,0.51,CRITICAL,True,19,3,False,
2024-01-11 19:43:06,admin_bob,SELECT,customers,34,0,2,0.552,CRITICAL,True,19,3,False,
2024-01-11 19:55:01,admin_bob,SELECT,audit_logs,52,0,2,0.684,MEDIUM,False,19,3,False,
2024-01-11 20:20:48,admin_bob,SELECT,audit_logs,62,0,3,0.916,MEDIUM,False,20,3,False,
2024-01-12 07:17:43,admin_bob,SELECT,orders,199,0,3,1.027,MEDIUM,False,7,4,False,
2024-01-12 07:38:39,admin_bob,SELECT,audit_logs,438,0,1,0.879,MEDIUM,False,7,4,False,
2024-01-12 07:48:33,admin_bob,SELECT,customers,282,0,1,0.476,CRITICAL,True,7,4,False,
2024-01-12 08:02:29,admin_alice,SELECT,transactions,706,0,1,0.952,CRITICAL,True,8,4,False,
2024-01-12 08:11:12,admin_bob,UPDATE,transactions,432,0,3,1.184,CRITICAL,True,8,4,False,
2024-01-12 08:21:38,admin_bob,SELECT,products,380,0,1,0.808,LOW,False,8,4,False,
2024-01-12 08:34:57,admin_alice,SELECT,transactions,764,0,1,0.896,CRITICAL,True,8,4,False,
2024-01-12 08:35:01,admin_alice,SELECT,transactions,606,0,2,0.991,CRITICAL,True,8,4,False,
2024-01-12 08:42:35,admin_bob,SELECT,config,472,0,3,0.453,HIGH,False,8,4,False,
2024-01-12 08:43:38,admin_alice,SELECT,orders,635,0,2,1.414,MEDIUM,False,8,4,False,
2024-01-12 08:50:57,admin_bob,SELECT,customers,490,0,3,1.153,CRITICAL,True,8,4,False,
2024-01-12 08:57:41,admin_alice,SELECT,audit_logs,822,0,2,1.085,MEDIUM,False,8,4,False,
2024-01-12 09:01:12,admin_charlie,JOIN,customers,143,4,5,4.496,CRITICAL,True,9,4,False,
2024-01-12 09:11:47,admin_bob,SELECT,orders,94,0,1,0.408,MEDIUM,False,9,4,False,
2024-01-12 09:20:35,admin_alice,SELECT,orders,294,0,2,0.58,MEDIUM,False,9,4,False,
2024-01-12 09:26:48,admin_bob,SELECT,config,174,0,1,0.469,HIGH,False,9,4,False,
2024-01-12 09:27:59,admin_bob,SELECT,config,488,0,1,0.391,HIGH,False,9,4,False,
2024-01-12 09:31:17,admin_alice,SELECT,transactions,821,0,2,0.959,CRITICAL,True,9,4,False,
2024-01-12 09:36:20,admin_bob,SELECT,customers,241,0,1,0.502,CRITICAL,True,9,4,False,
2024-01-12 09:42:59,admin_alice,SELECT,customers,124,0,2,0.716,CRITICAL,True,9,4,False,
2024-01-12 09:48:05,admin_alice,SELECT,transactions,932,0,1,1.17,CRITICAL,True,9,4,False,
2024-01-12 09:49:52,admin_alice,SELECT,orders,938,0,2,0.979,MEDIUM,False,9,4,False,
2024-01-12 09:57:28,admin_charlie,DELETE,customers,128,0,4,1.271,CRITICAL,True,9,4,False,
2024-01-12 09:59:48,admin_charlie,JOIN,products,197,3,3,3.217,LOW,False,9,4,False,
2024-01-12 10:03:21,admin_bob,DELETE,config,371,0,3,1.194,HIGH,False,10,4,False,
2024-01-12 10:24:01,admin_bob,SELECT,config,259,0,2,0.987,HIGH,False,10,4,False,
2024-01-12 10:27:44,admin_bob,UPDATE,config,244,0,3,0.807,HIGH,False,10,4,False,
2024-01-12 10:32:46,admin_alice,INSERT,customers,115,0,2,0.639,CRITICAL,True,10,4,False,
2024-01-12 10:43:54,admin_charlie,JOIN,products,111,3,5,4.33,LOW,False,10,4,False,
2024-01-12 10:44:20,admin_bob,SELECT,config,148,0,2,0.853,HIGH,False,10,4,False,
2024-01-12 10:49:41,admin_alice,SELECT,customers,988,0,1,1.168,CRITICAL,True,10,4,False,
2024-01-12 10:58:36,admin_alice,SELECT,customers,400,0,2,0.408,CRITICAL,True,10,4,False,
2024-01-12 11:05:44,admin_bob,INSERT,config,121,0,2,0.442,HIGH,False,11,4,False,
2024-01-12 11:21:15,admin_bob,INSERT,customers,146,0,3,0.707,CRITICAL,True,11,4,False,
2024-01-12 11:33:10,admin_bob,UPDATE,audit_logs,42,0,3,0.516,MEDIUM,False,11,4,False,
2024-01-12 11:34:46,admin_charlie,SELECT,customers,62,0,2,0.408,CRITICAL,True,11,4,False,
2024-01-12 11:36:07,admin_alice,SELECT,transactions,590,0,1,0.755,CRITICAL,True,11,4,False,
2024-01-12 11:36:14,admin_bob,DELETE,transactions,130,0,3,0.641,CRITICAL,True,11,4,False,
2024-01-12 11:36:52,admin_alice,SELECT,customers,475,0,2,0.881,CRITICAL,True,11,4,False,
2024-01-12 11:57:47,admin_alice,DELETE,orders,471,0,1,0.808,MEDIUM,False,11,4,False,
2024-01-12 11:59:51,admin_bob,SELECT,audit_logs,69,0,2,0.328,MEDIUM,False,11,4,False,
2024-01-12 12:02:36,admin_bob,JOIN,transactions,204,0,2,0.921,CRITICAL,True,12,4,False,
2024-01-12 12:03:41,admin_bob,INSERT,customers,230,0,1,0.328,CRITICAL,True,12,4,False,
2024-01-12 12:21:14,admin_alice,JOIN,orders,874,1,1,1.314,MEDIUM,False,12,4,False,
2024-01-12 12:42:58,admin_bob,SELECT,config,258,0,1,0.462,HIGH,False,12,4,False,
2024-01-12 12:54:47,admin_bob,UPDATE,config,103,0,1,0.461,HIGH,False,12,4,False,
2024-01-12 13:08:22,admin_charlie,UPDATE,products,153,0,2,0.656,LOW,False,13,4,False,
2024-01-12 13:15:34,admin_bob,SELECT,customers,245,0,2,0.723,CRITICAL,True,13,4,False,
2024-01-12 13:22:06,admin_bob,SELECT,config,9,0,3,0.467,HIGH,False,13,4,False,
2024-01-12 13:49:12,admin_bob,JOIN,orders,497,0,3,1.153,MEDIUM,False,13,4,False,
2024-01-12 13:53:19,admin_charlie,JOIN,orders,183,3,5,2.713,MEDIUM,False,13,4,False,
2024-01-12 13:55:41,admin_alice,SELECT,transactions,763,0,1,1.331,CRITICAL,True,13,4,False,
2024-01-12 14:07:41,admin_bob,DELETE,transactions,475,0,1,0.383,CRITICAL,True,14,4,False,
2024-01-12 14:19:53,admin_bob,UPDATE,audit_logs,348,0,3,0.915,MEDIUM,False,14,4,False,
2024-01-12 14:27:38,admin_bob,SELECT,config,53,0,2,0.757,HIGH,False,14,4,False,
2024-01-12 14:28:10,admin_bob,INSERT,config,398,0,2,0.892,HIGH,False,14,4,False,
2024-01-12 14:42:22,admin_charlie,SELECT,orders,75,0,5,0.726,MEDIUM,False,14,4,False,
2024-01-12 14:49:19,admin_bob,UPDATE,transactions,205,0,1,0.566,CRITICAL,True,14,4,False,
2024-01-12 15:01:56,admin_bob,INSERT,audit_logs,323,0,1,0.835,MEDIUM,False,15,4,False,
2024-01-12 15:03:09,admin_bob,SELECT,products,400,0,2,1.546,LOW,False,15,4,False,
2024-01-12 15:12:20,admin_bob,SELECT,customers,9,0,3,0.957,CRITICAL,True,15,4,False,
2024-01-12 15:20:44,admin_charlie,INSERT,products,54,0,2,0.643,LOW,False,15,4,False,
2024-01-12 15:24:18,admin_alice,SELECT,orders,736,0,1,1.053,MEDIUM,False,15,4,False,
2024-01-12 15:27:09,admin_alice,SELECT,transactions,79,0,2,0.643,CRITICAL,True,15,4,False,
2024-01-12 15:36:54,admin_charlie,SELECT,products,52,0,4,0.676,LOW,False,15,4,False,
2024-01-12 15:37:22,admin_bob,SELECT,customers,362,0,3,1.51,CRITICAL,True,15,4,False,
2024-01-12 15:42:15,admin_bob,DELETE,products,258,0,3,1.042,LOW,False,15,4,False,
2024-01-12 15:42:24,admin_alice,SELECT,orders,463,0,2,1.004,MEDIUM,False,15,4,False,
2024-01-12 15:55:39,admin_charlie,SELECT,products,30,0,5,1.378,LOW,False,15,4,False,
2024-01-12 16:13:24,admin_bob,SELECT,config,346,0,2,0.832,HIGH,False,16,4,False,
2024-01-12 16:24:51,admin_bob,SELECT,customers,119,0,3,0.909,CRITICAL,True,16,4,False,
2024-01-12 16:25:01,admin_alice,INSERT,customers,700,0,1,1.121,CRITICAL,True,16,4,False,
2024-01-12 16:33:31,admin_charlie,JOIN,customers,175,3,5,2.013,CRITICAL,True,16,4,False,
2024-01-12 16:34:08,admin_bob,DELETE,transactions,323,0,1,0.631,CRITICAL,True,16,4,False,
2024-01-12 16:38:24,admin_bob,SELECT,transactions,368,0,3,0.771,CRITICAL,True,16,4,False,
2024-01-12 16:38:42,admin_charlie,JOIN,orders,165,4,5,3.243,MEDIUM,False,16,4,False,
2024-01-12 16:44:18,admin_charlie,SELECT,products,40,0,5,1.073,LOW,False,16,4,False,
2024-01-12 16:45:28,admin_bob,SELECT,transactions,351,0,2,0.854,CRITICAL,True,16,4,False,
2024-01-12 16:48:32,admin_alice,SELECT,config,706,0,1,1.426,HIGH,False,16,4,False,
2024-01-12 16:50:56,admin_charlie,SELECT,customers,46,0,5,0.844,CRITICAL,True,16,4,False,
2024-01-12 16:53:06,admin_bob,SELECT,transactions,315,0,3,0.717,CRITICAL,True,16,4,False,
2024-01-12 16:57:19,admin_bob,SELECT,transactions,323,0,3,1.088,CRITICAL,True,16,4,False,
2024-01-12 17:10:30,admin_bob,DELETE,config,87,0,3,0.676,HIGH,False,17,4,False,
2024-01-12 17:20:16,admin_alice,JOIN,customers,488,1,2,1.019,CRITICAL,True,17,4,False,
2024-01-12 17:24:58,admin_bob,DELETE,config,37,0,2,0.046,HIGH,False,17,4,False,
2024-01-12 17:30:33,admin_bob,DELETE,transactions,100,0,1,0.546,CRITICAL,True,17,4,False,
2024-01-12 17:38:24,admin_bob,INSERT,customers,48,0,2,0.842,CRITICAL,True,17,4,False,
2024-01-12 17:39:09,admin_bob,SELECT,customers,284,0,1,0.571,CRITICAL,True,17,4,False,
2024-01-12 17:41:33,admin_charlie,SELECT,orders,199,0,4,1.449,MEDIUM,False,17,4,False,
2024-01-12 17:48:48,admin_charlie,DELETE,customers,53,0,3,0.21,CRITICAL,True,17,4,False,
2024-01-12 17:56:23,admin_alice,SELECT,transactions,826,0,2,1.33,CRITICAL,True,17,4,False,
2024-01-12 17:56:29,admin_bob,SELECT,orders,63,0,1,0.248,MEDIUM,False,17,4,False,
2024-01-12 18:34:13,admin_bob,UPDATE,customers,104,0,2,0.58,CRITICAL,True,18,4,False,
2024-01-12 18:38:11,admin_bob,SELECT,customers,158,0,1,0.469,CRITICAL,True,18,4,False,
2024-01-12 18:39:08,admin_charlie,SELECT,orders,89,0,5,1.235,MEDIUM,False,18,4,False,
2024-01-12 19:16:31,admin_bob,SELECT,orders,158,0,1,0.332,MEDIUM,False,19,4,False,
2024-01-12 19:29:48,admin_bob,SELECT,config,16,0,2,0.4,HIGH,False,19,4,False,
2024-01-12 19:47:07,admin_charlie,SELECT,customers,64,0,4,1.068,CRITICAL,True,19,4,False,
2024-01-12 20:05:50,admin_bob,SELECT,transactions,229,0,2,0.543,CRITICAL,True,20,4,False,
2024-01-12 20:18:52,admin_bob,SELECT,customers,446,0,2,0.326,CRITICAL,True,20,4,False,
2024-01-12 20:39:35,admin_bob,SELECT,audit_logs,191,0,2,0.501,MEDIUM,False,20,4,False,
2024-01-12 21:48:32,admin_bob,INSERT,customers,491,0,1,0.898,CRITICAL,True,21,4,False,
2024-01-13 07:30:58,admin_bob,UPDATE,transactions,113,0,2,0.728,CRITICAL,True,7,5,False,
2024-01-13 07:35:20,admin_bob,SELECT,audit_logs,391,0,3,1.349,MEDIUM,False,7,5,False,
2024-01-13 09:17:52,admin_bob,UPDATE,config,272,0,2,0.986,HIGH,False,9,5,False,
2024-01-13 10:35:27,admin_bob,DELETE,transactions,229,0,3,0.855,CRITICAL,True,10,5,False,
2024-01-13 10:47:42,admin_bob,SELECT,transactions,237,0,2,0.516,CRITICAL,True,10,5,False,
2024-01-13 11:15:16,admin_alice,SELECT,transactions,559,0,1,1.127,CRITICAL,True,11,5,False,
2024-01-13 13:16:20,admin_charlie,SELECT,config,136,0,2,0.56,HIGH,False,13,5,False,
2024-01-13 13:53:24,admin_bob,INSERT,transactions,418,0,1,0.658,CRITICAL,True,13,5,False,
2024-01-13 13:57:43,admin_alice,SELECT,transactions,191,0,1,0.377,CRITICAL,True,13,5,False,
2024-01-13 13:58:19,admin_alice,SELECT,orders,230,0,2,0.956,MEDIUM,False,13,5,False,
2024-01-13 14:15:32,admin_bob,INSERT,customers,477,0,2,1.118,CRITICAL,True,14,5,False,
2024-01-13 14:16:14,admin_alice,SELECT,customers,112,0,2,0.457,CRITICAL,True,14,5,False,
2024-01-13 15:58:19,admin_alice,SELECT,transactions,171,0,1,0.613,CRITICAL,True,15,5,False,
2024-01-13 16:16:28,admin_bob,SELECT,config,280,0,3,1.007,HIGH,False,16,5,False,
2024-01-13 17:10:33,admin_charlie,SELECT,orders,16,0,4,1.116,MEDIUM,False,17,5,False,
2024-01-13 17:40:46,admin_bob,DELETE,transactions,360,0,2,1.078,CRITICAL,True,17,5,False,
2024-01-13 17:48:35,admin_bob,INSERT,customers,358,0,2,0.876,CRITICAL,True,17,5,False,
2024-01-13 17:51:21,admin_alice,SELECT,customers,853,0,1,1.461,CRITICAL,True,17,5,False,
2024-01-13 18:43:29,admin_bob,DELETE,transactions,402,0,1,0.54,CRITICAL,True,18,5,False,
2024-01-13 19:23:05,admin_charlie,SELECT,customers,70,0,4,1.126,CRITICAL,True,19,5,False,
2024-01-13 19:38:01,admin_charlie,JOIN,products,57,2,2,1.539,LOW,False,19,5,False,
2024-01-14 08:00:50,admin_alice,SELECT,orders,490,0,1,0.374,MEDIUM,False,8,6,False,
2024-01-14 08:21:24,admin_alice,SELECT,transactions,509,0,1,0.722,CRITICAL,True,8,6,False,
2024-01-14 09:41:00,admin_bob,INSERT,transactions,422,0,3,1.544,CRITICAL,True,9,6,False,
2024-01-14 11:28:27,admin_alice,JOIN,orders,362,1,2,1.455,MEDIUM,False,11,6,False,
2024-01-14 12:19:00,admin_alice,SELECT,transactions,808,0,1,1.317,CRITICAL,True,12,6,False,
2024-01-14 13:10:35,admin_bob,SELECT,config,425,0,2,0.704,HIGH,False,13,6,False,
2024-01-14 13:36:54,admin_alice,SELECT,customers,279,0,2,0.887,CRITICAL,True,13,6,False,
2024-01-14 13:59:09,admin_alice,SELECT,orders,150,0,1,0.317,MEDIUM,False,13,6,False,
2024-01-14 15:14:17,admin_charlie,SELECT,orders,104,0,5,0.652,MEDIUM,False,15,6,False,
2024-01-14 15:40:09,admin_charlie,SELECT,customers,43,0,4,0.786,CRITICAL,True,15,6,False,
2024-01-14 16:13:23,admin_alice,SELECT,customers,615,0,1,0.684,CRITICAL,True,16,6,False,
2024-01-14 16:42:59,admin_bob,UPDATE,products,375,0,3,1.74,LOW,False,16,6,False,
2024-01-14 17:57:56,admin_bob,SELECT,config,434,0,2,1.204,HIGH,False,17,6,False,
2024-01-14 18:27:43,admin_bob,DELETE,audit_logs,341,0,1,0.143,MEDIUM,False,18,6,False,
2024-01-14 19:14:44,admin_charlie,INSERT,customers,50,0,3,0.81,CRITICAL,True,19,6,False,
2024-01-14 21:25:07,admin_bob,INSERT,audit_logs,454,0,2,1.452,MEDIUM,False,21,6,False,
2024-01-15 07:23:29,admin_bob,SELECT,customers,112,0,2,0.671,CRITICAL,True,7,0,False,
2024-01-15 07:25:16,admin_bob,SELECT,transactions,207,0,1,0.84,CRITICAL,True,7,0,False,
2024-01-15 07:27:30,admin_bob,JOIN,audit_logs,369,0,2,0.819,MEDIUM,False,7,0,False,
2024-01-15 07:38:46,admin_bob,SELECT,customers,113,0,1,0.328,CRITICAL,True,7,0,False,
2024-01-15 07:52:07,admin_bob,DELETE,audit_logs,428,0,2,0.942,MEDIUM,False,7,0,False,
2024-01-15 08:04:05,admin_bob,SELECT,transactions,48,0,1,0.277,CRITICAL,True,8,0,False,
2024-01-15 08:14:03,admin_alice,SELECT,orders,114,0,2,0.689,MEDIUM,False,8,0,False,
2024-01-15 08:42:09,admin_bob,JOIN,config,350,0,2,0.578,HIGH,False,8,0,False,
2024-01-15 08:46:37,admin_bob,SELECT,orders,53,0,2,0.606,MEDIUM,False,8,0,False,
2024-01-15 08:57:18,admin_alice,SELECT,orders,646,0,2,0.593,MEDIUM,False,8,0,False,
2024-01-15 09:08:57,admin_bob,SELECT,customers,279,0,3,0.866,CRITICAL,True,9,0,False,
2024-01-15 09:22:08,admin_bob,SELECT,audit_logs,386,0,2,0.323,MEDIUM,False,9,0,False,
2024-01-15 09:40:28,admin_alice,SELECT,customers,856,0,2,1.418,CRITICAL,True,9,0,False,
2024-01-15 10:00:55,admin_alice,SELECT,customers,679,0,2,1.326,CRITICAL,True,10,0,False,
2024-01-15 10:02:11,admin_bob,DELETE,customers,177,0,3,0.824,CRITICAL,True,10,0,False,
2024-01-15 10:05:13,admin_bob,DELETE,customers,145,0,3,0.516,CRITICAL,True,10,0,False,
2024-01-15 10:13:52,admin_bob,UPDATE,transactions,63,0,1,0.15,CRITICAL,True,10,0,False,
2024-01-15 10:36:38,admin_alice,SELECT,customers,201,0,2,0.526,CRITICAL,True,10,0,False,
2024-01-15 10:36:55,admin_bob,SELECT,customers,362,0,1,0.832,CRITICAL,True,10,0,False,
2024-01-15 10:43:35,admin_charlie,SELECT,products,61,0,4,1.052,LOW,False,10,0,False,
2024-01-15 10:53:57,admin_bob,DELETE,customers,460,0,2,0.964,CRITICAL,True,10,0,False,
2024-01-15 11:09:58,admin_alice,SELECT,transactions,871,0,2,2.037,CRITICAL,True,11,0,False,
2024-01-15 11:22:20,admin_alice,SELECT,transactions,413,0,2,0.729,CRITICAL,True,11,0,False,
2024-01-15 11:32:20,admin_charlie,JOIN,products,163,4,5,3.277,LOW,False,11,0,False,
2024-01-15 11:42:14,admin_charlie,JOIN,orders,166,3,3,3.394,MEDIUM,False,11,0,False,
2024-01-15 11:59:39,admin_alice,SELECT,transactions,155,0,2,0.804,CRITICAL,True,11,0,False,
2024-01-15 12:03:12,admin_alice,JOIN,orders,865,1,2,1.711,MEDIUM,False,12,0,False,
2024-01-15 12:09:24,admin_charlie,UPDATE,products,89,0,2,0.648,LOW,False,12,0,False,
2024-01-15 12:16:57,admin_alice,SELECT,customers,948,0,1,1.107,CRITICAL,True,12,0,False,
2024-01-15 12:28:17,admin_alice,SELECT,customers,816,0,1,1.244,CRITICAL,True,12,0,False,
2024-01-15 12:30:57,admin_bob,SELECT,transactions,414,0,1,0.567,CRITICAL,True,12,0,False,
2024-01-15 12:33:07,admin_bob,SELECT,config,96,0,2,0.506,HIGH,False,12,0,False,
2024-01-15 12:40:36,admin_charlie,JOIN,transactions,83,4,3,2.579,CRITICAL,True,12,0,False,
2024-01-15 12:41:42,admin_bob,DELETE,customers,393,0,1,0.727,CRITICAL,True,12,0,False,
2024-01-15 12:48:56,admin_bob,SELECT,transactions,90,0,2,0.87,CRITICAL,True,12,0,False,
2024-01-15 12:53:13,admin_bob,DELETE,config,67,0,2,0.434,HIGH,False,12,0,False,
2024-01-15 13:07:32,admin_alice,JOIN,transactions,372,1,1,0.772,CRITICAL,True,13,0,False,
2024-01-15 13:09:53,admin_bob,SELECT,audit_logs,80,0,3,0.863,MEDIUM,False,13,0,False,
2024-01-15 13:13:29,admin_bob,SELECT,customers,271,0,2,1.009,CRITICAL,True,13,0,False,
2024-01-15 13:14:18,admin_bob,SELECT,config,355,0,3,0.745,HIGH,False,13,0,False,
2024-01-15 13:27:29,admin_bob,SELECT,customers,463,0,1,0.689,CRITICAL,True,13,0,False,
2024-01-15 13:32:31,admin_charlie,JOIN,customers,118,3,5,3.526,CRITICAL,True,13,0,False,
2024-01-15 13:40:22,admin_alice,SELECT,customers,996,0,1,1.025,CRITICAL,True,13,0,False,
2024-01-15 13:54:30,admin_charlie,SELECT,orders,23,0,5,1.289,MEDIUM,False,13,0,False,
2024-01-15 13:54:33,admin_alice,DELETE,customers,234,0,1,0.43,CRITICAL,True,13,0,False,
2024-01-15 14:06:51,admin_alice,SELECT,transactions,570,0,1,0.891,CRITICAL,True,14,0,False,
2024-01-15 14:44:23,admin_bob,UPDATE,config,297,0,3,0.927,HIGH,False,14,0,False,
2024-01-15 14:56:18,admin_bob,SELECT,transactions,281,0,2,0.487,CRITICAL,True,14,0,False,
2024-01-15 14:57:27,admin_bob,SELECT,config,439,0,3,1.118,HIGH,False,14,0,False,
2024-01-15 15:12:23,admin_alice,JOIN,transactions,759,1,1,1.8,CRITICAL,True,15,0,False,
2024-01-15 15:13:35,admin_alice,SELECT,orders,320,0,1,0.785,MEDIUM,False,15,0,False,
2024-01-15 15:15:14,admin_bob,UPDATE,config,221,0,3,1.262,HIGH,False,15,0,False,
2024-01-15 15:33:56,admin_bob,SELECT,audit_logs,8,0,2,0.388,MEDIUM,False,15,0,False,
2024-01-15 16:05:37,admin_charlie,JOIN,products,57,2,5,2.174,LOW,False,16,0,False,
2024-01-15 16:55:21,admin_bob,DELETE,transactions,169,0,3,1.06,CRITICAL,True,16,0,False,
2024-01-15 17:04:10,admin_alice,SELECT,orders,907,0,1,1.025,MEDIUM,False,17,0,False,
2024-01-15 17:30:16,admin_bob,INSERT,audit_logs,205,0,3,0.498,MEDIUM,False,17,0,False,
2024-01-15 17:31:58,admin_charlie,JOIN,orders,92,3,5,3.45,MEDIUM,False,17,0,False,
2024-01-15 17:35:47,admin_alice,SELECT,config,725,0,2,1.067,HIGH,False,17,0,False,
2024-01-15 17:40:02,admin_bob,SELECT,config,418,0,1,0.983,HIGH,False,17,0,False,
2024-01-15 17:42:38,admin_alice,SELECT,transactions,248,0,1,0.947,CRITICAL,True,17,0,False,
2024-01-15 18:07:30,admin_bob,INSERT,config,465,0,1,0.623,HIGH,False,18,0,False,
2024-01-15 18:08:12,admin_bob,INSERT,transactions,333,0,3,0.884,CRITICAL,True,18,0,False,
2024-01-15 18:08:51,admin_bob,INSERT,customers,428,0,2,1.251,CRITICAL,True,18,0,False,
2024-01-15 18:26:50,admin_bob,DELETE,transactions,193,0,2,0.806,CRITICAL,True,18,0,False,
2024-01-15 18:47:47,admin_bob,SELECT,orders,324,0,3,0.993,MEDIUM,False,18,0,False,
2024-01-15 18:54:09,admin_bob,SELECT,customers,58,0,1,0.41,CRITICAL,True,18,0,False,
2024-01-15 18:57:18,admin_bob,SELECT,audit_logs,442,0,1,1.048,MEDIUM,False,18,0,False,
2024-01-15 19:11:50,admin_charlie,SELECT,customers,24,0,3,0.747,CRITICAL,True,19,0,False,
2024-01-15 19:14:34,admin_bob,INSERT,config,20,0,1,0.437,HIGH,False,19,0,False,
2024-01-15 19:24:17,admin_charlie,SELECT,customers,131,0,4,0.97,CRITICAL,True,19,0,False,
2024-01-15 19:39:43,admin_bob,INSERT,config,222,0,1,0.546,HIGH,False,19,0,False,
2024-01-15 19:43:10,admin_bob,INSERT,transactions,496,0,1,0.476,CRITICAL,True,19,0,False,
2024-01-15 19:50:48,admin_bob,SELECT,transactions,414,0,1,0.765,CRITICAL,True,19,0,False,
2024-01-15 19:57:08,admin_bob,DELETE,transactions,143,0,1,0.36,CRITICAL,True,19,0,False,
2024-01-15 19:59:44,admin_charlie,UPDATE,products,73,0,3,0.711,LOW,False,19,0,False,
2024-01-15 20:00:16,admin_bob,SELECT,audit_logs,105,0,3,0.969,MEDIUM,False,20,0,False,
2024-01-15 20:04:49,admin_bob,SELECT,customers,117,0,3,0.73,CRITICAL,True,20,0,False,
2024-01-15 20:10:51,admin_bob,SELECT,config,47,0,2,0.645,HIGH,False,20,0,False,
2024-01-15 20:37:45,admin_bob,SELECT,customers,157,0,3,0.467,CRITICAL,True,20,0,False,
2024-01-15 20:42:48,admin_bob,UPDATE,customers,332,0,3,0.965,CRITICAL,True,20,0,False,
2024-01-15 20:50:08,admin_bob,SELECT,audit_logs,480,0,3,1.254,MEDIUM,False,20,0,False,
2024-01-15 21:12:24,admin_bob,SELECT,transactions,77,0,3,1.154,CRITICAL,True,21,0,False,
2024-01-15 21:19:24,admin_bob,INSERT,transactions,201,0,2,0.918,CRITICAL,True,21,0,False,
2024-01-15 21:50:08,admin_bob,INSERT,customers,427,0,2,1.138,CRITICAL,True,21,0,False,
2024-01-16 07:21:13,admin_bob,UPDATE,transactions,144,0,1,0.591,CRITICAL,True,7,1,False,
2024-01-16 07:22:39,admin_bob,DELETE,customers,15,0,3,0.758,CRITICAL,True,7,1,False,
2024-01-16 07:33:32,admin_bob,INSERT,audit_logs,444,0,3,1.063,MEDIUM,False,7,1,False,
2024-01-16 07:47:18,admin_bob,SELECT,audit_logs,283,0,1,0.546,MEDIUM,False,7,1,False,
2024-01-16 07:58:25,admin_bob,UPDATE,config,337,0,3,1.004,HIGH,False,7,1,False,
2024-01-16 08:18:51,admin_bob,UPDATE,config,80,0,2,0.981,HIGH,False,8,1,False,
2024-01-16 08:26:32,admin_bob,SELECT,audit_logs,233,0,3,1.353,MEDIUM,False,8,1,False,
2024-01-16 08:37:24,admin_alice,SELECT,customers,366,0,1,0.722,CRITICAL,True,8,1,False,
2024-01-16 08:45:55,admin_alice,SELECT,customers,624,0,2,1.328,CRITICAL,True,8,1,False,
2024-01-16 08:49:49,admin_bob,SELECT,transactions,11,0,1,0.433,CRITICAL,True,8,1,False,
2024-01-16 09:51:13,admin_alice,SELECT,transactions,813,0,2,1.256,CRITICAL,True,9,1,False,
2024-01-16 09:59:50,admin_bob,INSERT,transactions,472,0,2,0.774,CRITICAL,True,9,1,False,
2024-01-16 10:16:33,admin_charlie,SELECT,products,94,0,5,1.136,LOW,False,10,1,False,
2024-01-16 10:20:36,admin_bob,SELECT,audit_logs,122,0,3,0.814,MEDIUM,False,10,1,False,
2024-01-16 10:29:19,admin_bob,INSERT,transactions,440,0,1,0.685,CRITICAL,True,10,1,False,
2024-01-16 10:38:53,admin_bob,DELETE,transactions,276,0,1,0.59,CRITICAL,True,10,1,False,
2024-01-16 10:39:37,admin_charlie,SELECT,customers,179,0,4,0.917,CRITICAL,True,10,1,False,
2024-01-16 10:43:26,admin_charlie,SELECT,products,115,0,5,0.187,LOW,False,10,1,False,
2024-01-16 11:01:09,admin_bob,DELETE,audit_logs,288,0,1,0.436,MEDIUM,False,11,1,False,
2024-01-16 11:03:57,admin_bob,UPDATE,audit_logs,260,0,3,0.873,MEDIUM,False,11,1,False,
2024-01-16 11:08:24,admin_bob,SELECT,config,20,0,2,0.274,HIGH,False,11,1,False,
2024-01-16 11:25:56,admin_bob,INSERT,audit_logs,154,0,2,0.538,MEDIUM,False,11,1,False,
2024-01-16 11:26:51,admin_charlie,SELECT,orders,183,0,2,0.525,MEDIUM,False,11,1,False,
2024-01-16 11:27:07,admin_charlie,SELECT,products,56,0,3,0.542,LOW,False,11,1,False,
2024-01-16 11:35:53,admin_alice,SELECT,customers,340,0,2,1.369,CRITICAL,True,11,1,False,
2024-01-16 11:48:27,admin_bob,JOIN,transactions,418,0,1,0.857,CRITICAL,True,11,1,False,
2024-01-16 11:49:02,admin_alice,SELECT,customers,187,0,1,0.491,CRITICAL,True,11,1,False,
2024-01-16 11:49:59,admin_charlie,UPDATE,orders,112,0,2,0.691,MEDIUM,False,11,1,False,
2024-01-16 11:57:12,admin_charlie,SELECT,customers,128,0,5,0.933,CRITICAL,True,11,1,False,
2024-01-16 11:58:15,admin_bob,DELETE,customers,438,0,1,0.72,CRITICAL,True,11,1,False,
2024-01-16 12:35:48,admin_bob,SELECT,transactions,178,0,1,0.502,CRITICAL,True,12,1,False,
2024-01-16 12:43:01,admin_charlie,UPDATE,products,164,0,2,0.248,LOW,False,12,1,False,
2024-01-16 13:05:12,admin_alice,SELECT,customers,696,0,1,0.816,CRITICAL,True,13,1,False,
2024-01-16 13:08:18,admin_bob,SELECT,config,61,0,3,0.595,HIGH,False,13,1,False,
2024-01-16 13:09:57,admin_alice,SELECT,orders,41,0,2,0.454,MEDIUM,False,13,1,False,
2024-01-16 13:13:42,admin_bob,SELECT,config,150,0,3,0.879,HIGH,False,13,1,False,
2024-01-16 13:26:35,admin_bob,SELECT,config,67,0,1,0.352,HIGH,False,13,1,False,
2024-01-16 13:50:37,admin_bob,UPDATE,audit_logs,198,0,3,0.795,MEDIUM,False,13,1,False,
2024-01-16 13:57:34,admin_charlie,SELECT,customers,174,0,4,1.323,CRITICAL,True,13,1,False,
2024-01-16 13:57:55,admin_bob,SELECT,customers,421,0,2,0.284,CRITICAL,True,13,1,False,
2024-01-16 13:58:59,admin_charlie,JOIN,customers,107,4,5,1.947,CRITICAL,True,13,1,False,
2024-01-16 14:02:57,admin_bob,JOIN,transactions,467,0,2,0.772,CRITICAL,True,14,1,False,
2024-01-16 14:12:20,admin_charlie,SELECT,products,4,0,3,0.369,LOW,False,14,1,False,
2024-01-16 14:19:37,admin_alice,SELECT,config,747,0,1,1.209,HIGH,False,14,1,False,
2024-01-16 14:32:41,admin_charlie,JOIN,products,18,3,3,2.526,LOW,False,14,1,False,
2024-01-16 14:35:49,admin_alice,SELECT,config,100,0,1,0.384,HIGH,False,14,1,False,
2024-01-16 14:52:46,admin_charlie,SELECT,orders,64,0,2,0.147,MEDIUM,False,14,1,False,
2024-01-16 14:54:50,admin_charlie,SELECT,orders,182,0,2,0.593,MEDIUM,False,14,1,False,
2024-01-16 14:58:00,admin_bob,INSERT,audit_logs,95,0,1,0.507,MEDIUM,False,14,1,False,
2024-01-16 15:03:28,admin_alice,SELECT,config,991,0,1,1.347,HIGH,False,15,1,False,
2024-01-16 15:16:38,admin_bob,SELECT,transactions,257,0,1,0.738,CRITICAL,True,15,1,False,
2024-01-16 15:16:59,admin_alice,SELECT,customers,853,0,2,0.803,CRITICAL,True,15,1,False,
2024-01-16 15:23:08,admin_alice,SELECT,customers,485,0,1,0.92,CRITICAL,True,15,1,False,
2024-01-16 15:33:54,admin_bob,SELECT,transactions,209,0,3,0.796,CRITICAL,True,15,1,False,
2024-01-16 15:37:21,admin_bob,UPDATE,customers,37,0,2,0.536,CRITICAL,True,15,1,False,
2024-01-16 15:46:21,admin_bob,UPDATE,audit_logs,167,0,2,0.375,MEDIUM,False,15,1,False,
2024-01-16 15:48:46,admin_alice,SELECT,transactions,610,0,1,0.98,CRITICAL,True,15,1,False,
2024-01-16 15:51:18,admin_charlie,SELECT,customers,95,0,4,1.162,CRITICAL,True,15,1,False,
2024-01-16 15:58:06,admin_bob,INSERT,audit_logs,81,0,2,0.347,MEDIUM,False,15,1,False,
2024-01-16 16:00:31,admin_alice,SELECT,products,325,0,1,0.886,LOW,False,16,1,False,
2024-01-16 16:02:53,admin_alice,JOIN,orders,11,1,2,0.909,MEDIUM,False,16,1,False,
2024-01-16 16:04:40,admin_charlie,JOIN,products,101,4,5,2.365,LOW,False,16,1,False,
2024-01-16 16:12:54,admin_charlie,UPDATE,customers,178,0,5,0.805,CRITICAL,True,16,1,False,
2024-01-16 16:58:44,admin_alice,SELECT,customers,467,0,2,1.1,CRITICAL,True,16,1,False,
2024-01-16 17:03:24,admin_charlie,SELECT,customers,132,0,3,0.941,CRITICAL,True,17,1,False,
2024-01-16 17:43:00,admin_bob,DELETE,audit_logs,89,0,1,0.358,MEDIUM,False,17,1,False,
2024-01-16 17:49:16,admin_alice,SELECT,customers,586,0,1,0.897,CRITICAL,True,17,1,False,
2024-01-16 17:49:51,admin_bob,SELECT,customers,109,0,1,0.411,CRITICAL,True,17,1,False,
2024-01-16 17:51:02,admin_bob,SELECT,config,320,0,3,0.675,HIGH,False,17,1,False,
2024-01-16 17:52:12,admin_charlie,SELECT,orders,74,0,5,0.895,MEDIUM,False,17,1,False,
2024-01-16 17:58:16,admin_alice,SELECT,customers,150,0,1,0.346,CRITICAL,True,17,1,False,
2024-01-16 18:01:05,admin_charlie,SELECT,orders,175,0,5,0.98,MEDIUM,False,18,1,False,
2024-01-16 18:07:42,admin_bob,SELECT,audit_logs,487,0,3,0.718,MEDIUM,False,18,1,False,
2024-01-16 18:15:35,admin_charlie,SELECT,products,78,0,4,1.509,LOW,False,18,1,False,
2024-01-16 18:16:36,admin_bob,JOIN,transactions,184,0,1,0.43,CRITICAL,True,18,1,False,
2024-01-16 18:40:02,admin_bob,UPDATE,config,440,0,1,0.941,HIGH,False,18,1,False,
2024-01-16 18:56:44,admin_bob,SELECT,customers,33,0,1,0.399,CRITICAL,True,18,1,False,
2024-01-16 19:07:08,admin_charlie,INSERT,orders,90,0,4,1.132,MEDIUM,False,19,1,False,
2024-01-16 19:08:12,admin_bob,UPDATE,customers,2,0,2,0.448,CRITICAL,True,19,1,False,
2024-01-16 19:22:29,admin_bob,SELECT,audit_logs,263,0,1,0.412,MEDIUM,False,19,1,False,
2024-01-16 19:29:38,admin_bob,SELECT,transactions,486,0,1,1.165,CRITICAL,True,19,1,False,
2024-01-16 19:46:54,admin_bob,UPDATE,audit_logs,147,0,2,1.043,MEDIUM,False,19,1,False,
2024-01-16 19:54:55,admin_bob,SELECT,config,287,0,2,0.963,HIGH,False,19,1,False,
2024-01-16 20:02:22,admin_bob,DELETE,audit_logs,407,0,3,1.093,MEDIUM,False,20,1,False,
2024-01-16 20:02:33,admin_bob,UPDATE,audit_logs,386,0,3,0.844,MEDIUM,False,20,1,False,
2024-01-16 20:04:42,admin_bob,SELECT,config,216,0,3,0.59,HIGH,False,20,1,False,
2024-01-16 21:17:56,admin_bob,INSERT,customers,38,0,1,0.442,CRITICAL,True,21,1,False,
2024-01-16 21:18:02,admin_bob,UPDATE,customers,235,0,3,1.066,CRITICAL,True,21,1,False,
2024-01-16 21:24:47,admin_bob,SELECT,config,472,0,2,0.908,HIGH,False,21,1,False,
2024-01-16 21:36:44,admin_bob,UPDATE,transactions,342,0,2,0.477,CRITICAL,True,21,1,False,
2024-01-16 21:41:55,admin_bob,INSERT,transactions,186,0,3,0.718,CRITICAL,True,21,1,False,
2024-01-16 21:45:07,admin_bob,UPDATE,config,10,0,3,0.315,HIGH,False,21,1,False,
2024-01-16 21:47:45,admin_bob,UPDATE,customers,464,0,3,0.854,CRITICAL,True,21,1,False,
2024-01-16 21:54:11,admin_bob,SELECT,customers,166,0,2,0.917,CRITICAL,True,21,1,False,
2024-01-17 08:02:57,admin_bob,DELETE,audit_logs,475,0,2,0.97,MEDIUM,False,8,2,False,
2024-01-17 08:03:39,admin_bob,DELETE,customers,180,0,3,0.665,CRITICAL,True,8,2,False,
2024-01-17 08:10:33,admin_bob,INSERT,customers,87,0,1,0.452,CRITICAL,True,8,2,False,
2024-01-17 08:16:48,admin_alice,JOIN,orders,503,1,2,1.432,MEDIUM,False,8,2,False,
2024-01-17 08:22:52,admin_bob,UPDATE,orders,281,0,3,0.603,MEDIUM,False,8,2,False,
2024-01-17 08:25:55,admin_alice,SELECT,customers,523,0,2,1.369,CRITICAL,True,8,2,False,
2024-01-17 08:50:05,admin_alice,SELECT,transactions,485,0,1,0.803,CRITICAL,True,8,2,False,
2024-01-17 08:55:23,admin_bob,INSERT,customers,197,0,3,0.687,CRITICAL,True,8,2,False,
2024-01-17 09:02:15,admin_alice,SELECT,transactions,221,0,1,0.671,CRITICAL,True,9,2,False,
2024-01-17 09:30:27,admin_alice,DELETE,transactions,720,0,2,0.937,CRITICAL,True,9,2,False,
2024-01-17 09:47:51,admin_alice,SELECT,transactions,175,0,2,1.112,CRITICAL,True,9,2,False,
2024-01-17 09:56:13,admin_alice,SELECT,orders,245,0,2,0.384,MEDIUM,False,9,2,False,
2024-01-17 10:00:07,admin_alice,SELECT,orders,34,0,1,0.337,MEDIUM,False,10,2,False,
2024-01-17 10:01:25,admin_bob,INSERT,transactions,438,0,3,1.312,CRITICAL,True,10,2,False,
2024-01-17 10:25:36,admin_alice,INSERT,transactions,268,0,1,0.387,CRITICAL,True,10,2,False,
2024-01-17 10:25:47,admin_bob,UPDATE,audit_logs,298,0,1,0.776,MEDIUM,False,10,2,False,
2024-01-17 10:27:17,admin_bob,SELECT,customers,380,0,1,0.623,CRITICAL,True,10,2,False,
2024-01-17 10:30:12,admin_alice,SELECT,orders,155,0,1,0.201,MEDIUM,False,10,2,False,
2024-01-17 10:41:10,admin_charlie,SELECT,customers,18,0,2,0.884,CRITICAL,True,10,2,False,
2024-01-17 10:42:25,admin_bob,JOIN,transactions,235,0,3,0.913,CRITICAL,True,10,2,False,
2024-01-17 10:42:36,admin_alice,SELECT,customers,241,0,1,0.46,CRITICAL,True,10,2,False,
2024-01-17 10:54:22,admin_alice,SELECT,orders,870,0,2,1.738,MEDIUM,False,10,2,False,
2024-01-17 11:09:28,admin_alice,SELECT,transactions,878,0,2,1.435,CRITICAL,True,11,2,False,
2024-01-17 11:15:23,admin_bob,DELETE,config,254,0,2,0.521,HIGH,False,11,2,False,
2024-01-17 11:17:25,admin_bob,SELECT,transactions,205,0,1,0.602,CRITICAL,True,11,2,False,
2024-01-17 11:18:06,admin_alice,SELECT,transactions,652,0,2,1.259,CRITICAL,True,11,2,False,
2024-01-17 11:28:43,admin_alice,SELECT,transactions,550,0,2,0.928,CRITICAL,True,11,2,False,
2024-01-17 11:36:36,admin_bob,SELECT,customers,380,0,2,1.161,CRITICAL,True,11,2,False,
2024-01-17 11:45:06,admin_charlie,JOIN,products,115,2,5,1.085,LOW,False,11,2,False,
2024-01-17 11:54:50,admin_alice,SELECT,transactions,676,0,1,1.141,CRITICAL,True,11,2,False,
2024-01-17 11:57:05,admin_bob,SELECT,customers,187,0,3,0.748,CRITICAL,True,11,2,False,
2024-01-17 11:59:11,admin_bob,INSERT,config,386,0,2,0.912,HIGH,False,11,2,False,
2024-01-17 12:00:07,admin_bob,SELECT,transactions,281,0,3,0.756,CRITICAL,True,12,2,False,
2024-01-17 12:15:05,admin_charlie,JOIN,orders,169,2,3,2.006,MEDIUM,False,12,2,False,
2024-01-17 12:45:02,admin_alice,SELECT,transactions,932,0,2,1.405,CRITICAL,True,12,2,False,
2024-01-17 12:47:47,admin_alice,SELECT,orders,893,0,1,1.622,MEDIUM,False,12,2,False,
2024-01-17 12:57:33,admin_bob,INSERT,config,93,0,1,0.296,HIGH,False,12,2,False,
2024-01-17 12:58:34,admin_bob,DELETE,config,229,0,2,1.123,HIGH,False,12,2,False,
2024-01-17 13:08:11,admin_alice,SELECT,transactions,618,0,1,0.909,CRITICAL,True,13,2,False,
2024-01-17 13:10:43,admin_alice,SELECT,customers,482,0,1,0.419,CRITICAL,True,13,2,False,
2024-01-17 13:13:15,admin_charlie,SELECT,customers,12,0,5,1.24,CRITICAL,True,13,2,False,
2024-01-17 13:14:15,admin_alice,SELECT,transactions,114,0,1,0.37,CRITICAL,True,13,2,False,
2024-01-17 13:15:17,admin_alice,SELECT,transactions,307,0,1,0.73,CRITICAL,True,13,2,False,
2024-01-17 13:16:57,admin_bob,SELECT,config,273,0,2,0.666,HIGH,False,13,2,False,
2024-01-17 13:24:23,admin_bob,SELECT,config,373,0,3,1.445,HIGH,False,13,2,False,
2024-01-17 13:30:53,admin_alice,SELECT,transactions,800,0,1,0.837,CRITICAL,True,13,2,False,
2024-01-17 14:03:51,admin_alice,SELECT,customers,961,0,1,1.067,CRITICAL,True,14,2,False,
2024-01-17 14:08:06,admin_bob,DELETE,config,499,0,3,1.343,HIGH,False,14,2,False,
2024-01-17 14:16:39,admin_bob,SELECT,audit_logs,56,0,2,0.513,MEDIUM,False,14,2,False,
2024-01-17 14:18:42,admin_charlie,INSERT,customers,89,0,2,0.538,CRITICAL,True,14,2,False,
2024-01-17 14:28:02,admin_bob,SELECT,config,447,0,1,0.787,HIGH,False,14,2,False,
2024-01-17 14:49:07,admin_alice,SELECT,orders,922,0,2,0.837,MEDIUM,False,14,2,False,
2024-01-17 14:57:30,admin_alice,SELECT,customers,655,0,2,0.717,CRITICAL,True,14,2,False,
2024-01-17 15:06:51,admin_bob,SELECT,customers,29,0,2,0.755,CRITICAL,True,15,2,False,
2024-01-17 15:16:46,admin_bob,SELECT,customers,403,0,2,0.539,CRITICAL,True,15,2,False,
2024-01-17 15:21:50,admin_charlie,SELECT,orders,185,0,4,0.458,MEDIUM,False,15,2,False,
2024-01-17 15:31:19,admin_alice,SELECT,customers,684,0,1,1.133,CRITICAL,True,15,2,False,
2024-01-17 15:32:19,admin_alice,SELECT,customers,897,0,1,0.992,CRITICAL,True,15,2,False,
2024-01-17 15:37:10,admin_alice,SELECT,customers,570,0,2,0.878,CRITICAL,True,15,2,False,
2024-01-17 15:43:37,admin_charlie,SELECT,customers,35,0,4,0.841,CRITICAL,True,15,2,False,
2024-01-17 15:44:38,admin_bob,SELECT,config,47,0,1,0.293,HIGH,False,15,2,False,
2024-01-17 15:49:35,admin_bob,DELETE,customers,97,0,3,0.695,CRITICAL,True,15,2,False,
2024-01-17 16:16:45,admin_bob,SELECT,customers,73,0,3,0.8,CRITICAL,True,16,2,False,
2024-01-17 16:28:25,admin_alice,SELECT,transactions,490,0,1,0.588,CRITICAL,True,16,2,False,
2024-01-17 16:29:21,admin_alice,JOIN,transactions,946,1,2,2.201,CRITICAL,True,16,2,False,
2024-01-17 16:41:12,admin_alice,SELECT,customers,100,0,1,0.188,CRITICAL,True,16,2,False,
2024-01-17 16:42:47,admin_bob,UPDATE,customers,218,0,1,0.614,CRITICAL,True,16,2,False,
2024-01-17 16:49:03,admin_bob,DELETE,config,341,0,1,0.603,HIGH,False,16,2,False,
2024-01-17 16:50:22,admin_charlie,INSERT,orders,172,0,5,1.642,MEDIUM,False,16,2,False,
2024-01-17 16:53:33,admin_bob,SELECT,customers,474,0,3,1.305,CRITICAL,True,16,2,False,
2024-01-17 17:45:15,admin_bob,UPDATE,audit_logs,95,0,1,0.573,MEDIUM,False,17,2,False,
2024-01-17 17:49:25,admin_alice,SELECT,transactions,238,0,1,0.433,CRITICAL,True,17,2,False,
2024-01-17 18:13:38,admin_charlie,INSERT,audit_logs,53,0,3,0.651,MEDIUM,False,18,2,False,
2024-01-17 19:08:35,admin_bob,INSERT,customers,273,0,1,0.37,CRITICAL,True,19,2,False,
2024-01-17 19:11:57,admin_bob,UPDATE,audit_logs,458,0,2,0.918,MEDIUM,False,19,2,False,
2024-01-17 19:15:40,admin_charlie,SELECT,orders,96,0,3,0.966,MEDIUM,False,19,2,False,
2024-01-17 19:21:26,admin_bob,SELECT,config,61,0,3,0.774,HIGH,False,19,2,False,
2024-01-17 19:28:31,admin_bob,UPDATE,audit_logs,446,0,2,1.08,MEDIUM,False,19,2,False,
2024-01-17 19:35:37,admin_charlie,SELECT,customers,69,0,2,0.716,CRITICAL,True,19,2,False,
2024-01-17 20:04:51,admin_bob,UPDATE,transactions,253,0,1,0.873,CRITICAL,True,20,2,False,
2024-01-17 20:16:00,admin_bob,SELECT,config,128,0,3,0.314,HIGH,False,20,2,False,
2024-01-17 20:44:58,admin_bob,DELETE,products,354,0,1,0.999,LOW,False,20,2,False,
2024-01-17 21:05:09,admin_bob,SELECT,audit_logs,208,0,2,0.479,MEDIUM,False,21,2,False,
2024-01-17 21:21:58,admin_bob,UPDATE,audit_logs,71,0,1,0.378,MEDIUM,False,21,2,False,
2024-01-17 21:50:02,admin_bob,UPDATE,transactions,141,0,2,0.444,CRITICAL,True,21,2,False,
2024-01-17 21:58:57,admin_bob,DELETE,customers,447,0,2,0.599,CRITICAL,True,21,2,False,
2024-01-18 07:25:02,admin_bob,SELECT,orders,227,0,1,0.478,MEDIUM,False,7,3,False,
2024-01-18 07:51:23,admin_bob,SELECT,audit_logs,91,0,2,0.538,MEDIUM,False,7,3,False,
2024-01-18 08:08:16,admin_alice,SELECT,transactions,702,0,1,1.212,CRITICAL,True,8,3,False,
2024-01-18 08:16:54,admin_alice,JOIN,customers,24,1,1,0.621,CRITICAL,True,8,3,False,
2024-01-18 08:20:14,admin_alice,SELECT,orders,243,0,1,0.507,MEDIUM,False,8,3,False,
2024-01-18 08:20:50,admin_alice,SELECT,transactions,48,0,1,0.367,CRITICAL,True,8,3,False,
2024-01-18 08:30:43,admin_bob,SELECT,orders,307,0,1,0.78,MEDIUM,False,8,3,False,
2024-01-18 08:35:17,admin_bob,SELECT,config,121,0,1,0.426,HIGH,False,8,3,False,
2024-01-18 08:45:18,admin_bob,DELETE,transactions,311,0,2,0.561,CRITICAL,True,8,3,False,
2024-01-18 09:03:28,admin_charlie,JOIN,products,20,2,2,1.986,LOW,False,9,3,False,
2024-01-18 09:06:54,admin_bob,SELECT,transactions,337,0,3,0.886,CRITICAL,True,9,3,False,
2024-01-18 09:07:38,admin_bob,UPDATE,audit_logs,368,0,1,0.775,MEDIUM,False,9,3,False,
2024-01-18 09:09:26,admin_bob,UPDATE,customers,280,0,1,0.802,CRITICAL,True,9,3,False,
2024-01-18 09:38:28,admin_bob,UPDATE,transactions,104,0,3,0.715,CRITICAL,True,9,3,False,
2024-01-18 09:56:14,admin_charlie,JOIN,products,20,2,4,2.102,LOW,False,9,3,False,
2024-01-18 09:58:52,admin_bob,SELECT,config,451,0,2,1.088,HIGH,False,9,3,False,
2024-01-18 10:29:33,admin_bob,SELECT,orders,231,0,1,0.484,MEDIUM,False,10,3,False,
2024-01-18 10:35:02,admin_bob,SELECT,products,2,0,1,0.622,LOW,False,10,3,False,
2024-01-18 10:35:26,admin_alice,SELECT,orders,766,0,1,0.508,MEDIUM,False,10,3,False,
2024-01-18 10:54:25,admin_bob,SELECT,products,467,0,2,0.356,LOW,False,10,3,False,
2024-01-18 11:18:27,admin_bob,SELECT,customers,250,0,2,0.822,CRITICAL,True,11,3,False,
2024-01-18 11:26:22,admin_alice,SELECT,orders,978,0,1,1.673,MEDIUM,False,11,3,False,
2024-01-18 11:33:43,admin_bob,SELECT,audit_logs,227,0,2,0.871,MEDIUM,False,11,3,False,
2024-01-18 11:38:33,admin_bob,UPDATE,audit_logs,396,0,2,0.899,MEDIUM,False,11,3,False,
2024-01-18 11:43:31,admin_charlie,INSERT,products,157,0,4,1.251,LOW,False,11,3,False,
2024-01-18 11:44:39,admin_alice,SELECT,transactions,362,0,2,0.957,CRITICAL,True,11,3,False,
2024-01-18 11:46:27,admin_bob,SELECT,customers,130,0,1,0.56,CRITICAL,True,11,3,False,
2024-01-18 11:48:40,admin_bob,UPDATE,config,125,0,1,0.343,HIGH,False,11,3,False,
2024-01-18 11:52:19,admin_alice,SELECT,customers,495,0,2,1.07,CRITICAL,True,11,3,False,
2024-01-18 12:06:07,admin_alice,SELECT,customers,986,0,2,1.054,CRITICAL,True,12,3,False,
2024-01-18 12:08:19,admin_alice,SELECT,orders,338,0,2,0.538,MEDIUM,False,12,3,False,
2024-01-18 12:16:13,admin_bob,INSERT,customers,420,0,2,0.622,CRITICAL,True,12,3,False,
2024-01-18 12:18:41,admin_charlie,INSERT,orders,62,0,4,1.276,MEDIUM,False,12,3,False,
2024-01-18 12:38:26,admin_alice,SELECT,customers,309,0,2,0.842,CRITICAL,True,12,3,False,
2024-01-18 12:39:24,admin_alice,JOIN,customers,564,1,1,0.899,CRITICAL,True,12,3,False,
2024-01-18 12:57:31,admin_bob,SELECT,transactions,194,0,3,0.565,CRITICAL,True,12,3,False,
2024-01-18 12:59:56,admin_charlie,INSERT,audit_logs,183,0,4,1.233,MEDIUM,False,12,3,False,
2024-01-18 13:03:23,admin_alice,JOIN,orders,340,1,1,0.99,MEDIUM,False,13,3,False,
2024-01-18 13:05:52,admin_bob,SELECT,config,232,0,2,0.729,HIGH,False,13,3,False,
2024-01-18 13:06:25,admin_alice,SELECT,orders,525,0,1,0.762,MEDIUM,False,13,3,False,
2024-01-18 13:11:25,admin_alice,SELECT,customers,262,0,1,0.701,CRITICAL,True,13,3,False,
2024-01-18 13:15:09,admin_alice,SELECT,transactions,934,0,1,1.521,CRITICAL,True,13,3,False,
2024-01-18 13:17:34,admin_bob,INSERT,config,389,0,3,0.999,HIGH,False,13,3,False,
2024-01-18 13:20:44,admin_charlie,DELETE,orders,165,0,3,1.351,MEDIUM,False,13,3,False,
2024-01-18 13:44:12,admin_alice,SELECT,customers,356,0,2,0.888,CRITICAL,True,13,3,False,
2024-01-18 13:46:29,admin_bob,UPDATE,audit_logs,372,0,2,0.704,MEDIUM,False,13,3,False,
2024-01-18 13:49:41,admin_charlie,INSERT,customers,123,0,2,0.695,CRITICAL,True,13,3,False,
2024-01-18 13:58:57,admin_alice,SELECT,customers,598,0,2,1.091,CRITICAL,True,13,3,False,
2024-01-18 14:08:06,admin_bob,SELECT,customers,8,0,1,0.158,CRITICAL,True,14,3,False,
2024-01-18 14:23:19,admin_bob,SELECT,transactions,34,0,1,0.256,CRITICAL,True,14,3,False,
2024-01-18 14:41:39,admin_charlie,INSERT,products,12,0,2,0.431,LOW,False,14,3,False,
2024-01-18 14:49:51,admin_charlie,SELECT,customers,34,0,5,0.961,CRITICAL,True,14,3,False,
2024-01-18 14:52:41,admin_alice,SELECT,orders,741,0,2,1.483,MEDIUM,False,14,3,False,
2024-01-18 15:07:27,admin_charlie,SELECT,orders,11,0,4,1.283,MEDIUM,False,15,3,False,
2024-01-18 15:13:05,admin_charlie,INSERT,customers,140,0,2,0.523,CRITICAL,True,15,3,False,
2024-01-18 15:20:32,admin_alice,SELECT,orders,856,0,1,0.728,MEDIUM,False,15,3,False,
2024-01-18 15:23:33,admin_charlie,SELECT,orders,170,0,3,0.473,MEDIUM,False,15,3,False,
2024-01-18 15:32:15,admin_alice,SELECT,customers,703,0,1,1.136,CRITICAL,True,15,3,False,
2024-01-18 15:42:39,admin_alice,SELECT,orders,951,0,1,0.948,MEDIUM,False,15,3,False,
2024-01-18 15:43:24,admin_alice,SELECT,customers,705,0,1,1.17,CRITICAL,True,15,3,False,
2024-01-18 15:48:50,admin_alice,SELECT,customers,835,0,1,1.504,CRITICAL,True,15,3,False,
2024-01-18 15:56:48,admin_bob,SELECT,customers,1,0,2,0.164,CRITICAL,True,15,3,False,
2024-01-18 16:02:50,admin_alice,SELECT,audit_logs,98,0,2,0.515,MEDIUM,False,16,3,False,
2024-01-18 16:11:40,admin_charlie,SELECT,customers,104,0,5,0.41,CRITICAL,True,16,3,False,
2024-01-18 16:13:16,admin_charlie,SELECT,products,155,0,3,0.736,LOW,False,16,3,False,
2024-01-18 16:13:32,admin_charlie,SELECT,customers,130,0,2,0.726,CRITICAL,True,16,3,False,
2024-01-18 16:20:17,admin_alice,SELECT,customers,188,0,2,0.449,CRITICAL,True,16,3,False,
2024-01-18 16:27:24,admin_alice,SELECT,customers,951,0,2,1.738,CRITICAL,True,16,3,False,
2024-01-18 16:34:30,admin_bob,SELECT,audit_logs,16,0,1,0.313,MEDIUM,False,16,3,False,
2024-01-18 16:53:29,admin_alice,SELECT,orders,251,0,1,0.405,MEDIUM,False,16,3,False,
2024-01-18 17:19:40,admin_alice,SELECT,customers,779,0,2,1.196,CRITICAL,True,17,3,False,
2024-01-18 17:21:20,admin_bob,INSERT,config,393,0,1,0.578,HIGH,False,17,3,False,
2024-01-18 17:30:58,admin_charlie,JOIN,config,171,2,3,2.049,HIGH,False,17,3,False,
2024-01-18 17:31:44,admin_bob,UPDATE,audit_logs,384,0,3,1.312,MEDIUM,False,17,3,False,
2024-01-18 17:48:20,admin_charlie,SELECT,orders,107,0,4,1.047,MEDIUM,False,17,3,False,
2024-01-18 18:20:10,admin_bob,INSERT,orders,78,0,2,0.433,MEDIUM,False,18,3,False,
2024-01-18 18:40:09,admin_bob,UPDATE,audit_logs,214,0,1,0.347,MEDIUM,False,18,3,False,
2024-01-18 18:41:29,admin_bob,DELETE,audit_logs,29,0,3,0.656,MEDIUM,False,18,3,False,
2024-01-18 18:55:26,admin_bob,SELECT,audit_logs,103,0,3,1.026,MEDIUM,False,18,3,False,
2024-01-18 19:05:32,admin_charlie,SELECT,orders,51,0,4,0.938,MEDIUM,False,19,3,False,
2024-01-18 19:18:43,admin_bob,SELECT,config,374,0,2,0.859,HIGH,False,19,3,False,
2024-01-18 19:32:37,admin_bob,SELECT,customers,128,0,3,0.431,CRITICAL,True,19,3,False,
2024-01-18 19:54:16,admin_bob,UPDATE,config,392,0,3,0.857,HIGH,False,19,3,False,
2024-01-18 20:10:13,admin_bob,INSERT,transactions,381,0,1,0.886,CRITICAL,True,20,3,False,
2024-01-18 20:13:43,admin_bob,UPDATE,audit_logs,367,0,3,1.13,MEDIUM,False,20,3,False,
2024-01-18 20:14:15,admin_bob,SELECT,config,108,0,1,0.331,HIGH,False,20,3,False,
2024-01-18 21:16:53,admin_bob,UPDATE,config,470,0,3,1.332,HIGH,False,21,3,False,
2024-01-18 21:30:12,admin_bob,INSERT,customers,289,0,1,0.47,CRITICAL,True,21,3,False,
2024-01-19 08:03:44,admin_alice,SELECT,orders,270,0,1,0.392,MEDIUM,False,8,4,False,
2024-01-19 08:36:19,admin_alice,SELECT,orders,441,0,2,0.924,MEDIUM,False,8,4,False,
2024-01-19 08:37:12,admin_alice,SELECT,transactions,769,0,1,1.114,CRITICAL,True,8,4,False,
2024-01-19 08:41:25,admin_bob,SELECT,transactions,346,0,1,0.651,CRITICAL,True,8,4,False,
2024-01-19 08:46:01,admin_bob,INSERT,transactions,476,0,3,1.464,CRITICAL,True,8,4,False,
2024-01-19 08:46:57,admin_alice,SELECT,transactions,14,0,2,0.599,CRITICAL,True,8,4,False,
2024-01-19 09:02:21,admin_alice,SELECT,customers,531,0,1,1.144,CRITICAL,True,9,4,False,
2024-01-19 09:07:09,admin_alice,SELECT,transactions,471,0,2,0.998,CRITICAL,True,9,4,False,
2024-01-19 09:10:54,admin_charlie,SELECT,orders,150,0,3,0.822,MEDIUM,False,9,4,False,
2024-01-19 09:20:53,admin_alice,SELECT,audit_logs,994,0,2,0.894,MEDIUM,False,9,4,False,
2024-01-19 09:25:19,admin_bob,SELECT,config,372,0,3,0.833,HIGH,False,9,4,False,
2024-01-19 09:28:06,admin_charlie,SELECT,products,136,0,5,1.484,LOW,False,9,4,False,
2024-01-19 09:33:16,admin_charlie,JOIN,orders,121,4,5,2.491,MEDIUM,False,9,4,False,
2024-01-19 09:39:59,admin_alice,SELECT,transactions,379,0,1,0.559,CRITICAL,True,9,4,False,
2024-01-19 09:58:03,admin_charlie,SELECT,products,66,0,4,1.113,LOW,False,9,4,False,
2024-01-19 10:00:08,admin_alice,SELECT,customers,961,0,2,1.561,CRITICAL,True,10,4,False,
2024-01-19 10:09:28,admin_bob,INSERT,config,116,0,2,0.714,HIGH,False,10,4,False,
2024-01-19 10:15:52,admin_bob,SELECT,transactions,239,0,1,0.597,CRITICAL,True,10,4,False,
2024-01-19 10:36:56,admin_charlie,UPDATE,orders,180,0,2,0.678,MEDIUM,False,10,4,False,
2024-01-19 10:46:16,admin_charlie,SELECT,orders,85,0,5,0.779,MEDIUM,False,10,4,False,
2024-01-19 10:52:22,admin_bob,UPDATE,audit_logs,20,0,1,0.305,MEDIUM,False,10,4,False,
2024-01-19 10:55:28,admin_bob,DELETE,customers,218,0,3,1.177,CRITICAL,True,10,4,False,
2024-01-19 10:59:04,admin_charlie,SELECT,orders,76,0,5,0.845,MEDIUM,False,10,4,False,
2024-01-19 11:05:37,admin_bob,UPDATE,audit_logs,36,0,1,0.272,MEDIUM,False,11,4,False,
2024-01-19 11:09:27,admin_alice,SELECT,transactions,445,0,2,1.149,CRITICAL,True,11,4,False,
2024-01-19 11:09:45,admin_alice,SELECT,orders,251,0,2,1.128,MEDIUM,False,11,4,False,
2024-01-19 11:10:47,admin_charlie,SELECT,orders,9,0,4,0.724,MEDIUM,False,11,4,False,
2024-01-19 11:13:24,admin_bob,INSERT,customers,479,0,3,1.543,CRITICAL,True,11,4,False,
2024-01-19 11:23:23,admin_charlie,SELECT,customers,6,0,3,0.938,CRITICAL,True,11,4,False,
2024-01-19 11:28:31,admin_bob,SELECT,config,110,0,3,1.174,HIGH,False,11,4,False,
2024-01-19 11:46:00,admin_charlie,UPDATE,orders,126,0,3,1.007,MEDIUM,False,11,4,False,
2024-01-19 11:52:36,admin_bob,INSERT,transactions,214,0,3,1.26,CRITICAL,True,11,4,False,
2024-01-19 11:55:06,admin_bob,UPDATE,audit_logs,414,0,1,0.558,MEDIUM,False,11,4,False,
2024-01-19 12:27:20,admin_bob,SELECT,audit_logs,110,0,1,0.542,MEDIUM,False,12,4,False,
2024-01-19 12:29:41,admin_charlie,JOIN,customers,8,2,4,1.171,CRITICAL,True,12,4,False,
2024-01-19 12:33:13,admin_bob,SELECT,audit_logs,303,0,1,0.392,MEDIUM,False,12,4,False,
2024-01-19 12:40:12,admin_alice,INSERT,orders,749,0,1,1.043,MEDIUM,False,12,4,False,
2024-01-19 12:50:06,admin_bob,SELECT,customers,43,0,3,0.568,CRITICAL,True,12,4,False,
2024-01-19 13:00:25,admin_bob,SELECT,transactions,187,0,2,0.778,CRITICAL,True,13,4,False,
2024-01-19 13:12:17,admin_charlie,SELECT,customers,68,0,3,0.803,CRITICAL,True,13,4,False,
2024-01-19 13:15:01,admin_alice,JOIN,transactions,590,1,1,0.988,CRITICAL,True,13,4,False,
2024-01-19 13:15:21,admin_bob,INSERT,audit_logs,444,0,2,1.197,MEDIUM,False,13,4,False,
2024-01-19 13:16:21,admin_alice,SELECT,transactions,273,0,1,0.652,CRITICAL,True,13,4,False,
2024-01-19 13:17:01,admin_alice,SELECT,transactions,35,0,1,0.393,CRITICAL,True,13,4,False,
2024-01-19 13:23:34,admin_alice,JOIN,audit_logs,437,1,2,2.173,MEDIUM,False,13,4,False,
2024-01-19 13:29:26,admin_charlie,SELECT,orders,100,0,5,0.491,MEDIUM,False,13,4,False,
2024-01-19 13:38:00,admin_bob,UPDATE,customers,200,0,3,0.568,CRITICAL,True,13,4,False,
2024-01-19 13:42:03,admin_bob,SELECT,customers,1,0,1,0.299,CRITICAL,True,13,4,False,
2024-01-19 14:14:16,admin_alice,SELECT,config,55,0,1,0.422,HIGH,False,14,4,False,
2024-01-19 14:14:32,admin_alice,SELECT,customers,379,0,1,0.84,CRITICAL,True,14,4,False,
2024-01-19 14:35:13,admin_alice,JOIN,customers,510,1,2,2.334,CRITICAL,True,14,4,False,
2024-01-19 14:36:58,admin_bob,INSERT,transactions,209,0,1,0.409,CRITICAL,True,14,4,False,
2024-01-19 14:49:28,admin_alice,SELECT,customers,932,0,2,0.557,CRITICAL,True,14,4,False,
2024-01-19 14:49:51,admin_alice,SELECT,customers,326,0,2,0.227,CRITICAL,True,14,4,False,
2024-01-19 15:26:53,admin_bob,SELECT,transactions,211,0,2,0.791,CRITICAL,True,15,4,False,
2024-01-19 15:27:15,admin_alice,SELECT,transactions,511,0,1,0.839,CRITICAL,True,15,4,False,
2024-01-19 15:52:53,admin_bob,DELETE,config,104,0,3,0.866,HIGH,False,15,4,False,
2024-01-19 15:54:43,admin_alice,SELECT,transactions,378,0,1,0.943,CRITICAL,True,15,4,False,
2024-01-19 15:56:10,admin_bob,JOIN,config,293,0,2,0.758,HIGH,False,15,4,False,
2024-01-19 16:05:17,admin_alice,JOIN,customers,709,1,1,2.273,CRITICAL,True,16,4,False,
2024-01-19 16:13:49,admin_bob,SELECT,customers,16,0,3,0.507,CRITICAL,True,16,4,False,
2024-01-19 16:24:41,admin_alice,SELECT,orders,185,0,1,0.452,MEDIUM,False,16,4,False,
2024-01-19 16:33:16,admin_alice,SELECT,transactions,380,0,2,1.015,CRITICAL,True,16,4,False,
2024-01-19 16:36:01,admin_alice,SELECT,transactions,563,0,2,1.559,CRITICAL,True,16,4,False,
2024-01-19 16:39:44,admin_charlie,SELECT,orders,81,0,3,0.609,MEDIUM,False,16,4,False,
2024-01-19 16:49:52,admin_bob,SELECT,transactions,168,0,2,0.603,CRITICAL,True,16,4,False,
2024-01-19 16:51:23,admin_bob,SELECT,customers,8,0,3,0.435,CRITICAL,True,16,4,False,
2024-01-19 16:53:33,admin_charlie,SELECT,customers,50,0,5,0.648,CRITICAL,True,16,4,False,
2024-01-19 16:58:22,admin_alice,SELECT,transactions,933,0,1,1.672,CRITICAL,True,16,4,False,
2024-01-19 17:09:35,admin_charlie,SELECT,orders,170,0,2,0.725,MEDIUM,False,17,4,False,
2024-01-19 17:12:36,admin_charlie,SELECT,orders,176,0,3,0.849,MEDIUM,False,17,4,False,
2024-01-19 17:12:47,admin_bob,SELECT,audit_logs,445,0,3,1.19,MEDIUM,False,17,4,False,
2024-01-19 17:15:04,admin_bob,JOIN,customers,338,0,1,0.849,CRITICAL,True,17,4,False,
2024-01-19 17:16:58,admin_alice,SELECT,customers,493,0,1,0.683,CRITICAL,True,17,4,False,
2024-01-19 17:21:15,admin_bob,UPDATE,customers,118,0,1,0.325,CRITICAL,True,17,4,False,
2024-01-19 17:34:03,admin_alice,SELECT,transactions,668,0,1,1.231,CRITICAL,True,17,4,False,
2024-01-19 17:38:18,admin_bob,UPDATE,transactions,252,0,3,1.19,CRITICAL,True,17,4,False,
2024-01-19 17:39:05,admin_bob,UPDATE,customers,277,0,2,1.031,CRITICAL,True,17,4,False,
2024-01-19 18:02:04,admin_charlie,UPDATE,customers,168,0,3,0.802,CRITICAL,True,18,4,False,
2024-01-19 18:07:48,admin_charlie,SELECT,customers,107,0,4,0.997,CRITICAL,True,18,4,False,
2024-01-19 18:09:08,admin_bob,INSERT,customers,238,0,3,1.281,CRITICAL,True,18,4,False,
2024-01-19 18:14:52,admin_charlie,UPDATE,products,39,0,3,0.707,LOW,False,18,4,False,
2024-01-19 18:20:09,admin_charlie,SELECT,products,196,0,4,0.636,LOW,False,18,4,False,
2024-01-19 18:47:57,admin_bob,SELECT,transactions,487,0,3,1.523,CRITICAL,True,18,4,False,
2024-01-19 18:59:09,admin_bob,SELECT,customers,289,0,3,0.88,CRITICAL,True,18,4,False,
2024-01-19 19:12:02,admin_bob,INSERT,config,301,0,3,0.895,HIGH,False,19,4,False,
2024-01-19 19:14:58,admin_bob,UPDATE,transactions,401,0,3,0.754,CRITICAL,True,19,4,False,
2024-01-19 19:32:59,admin_charlie,SELECT,orders,83,0,2,0.418,MEDIUM,False,19,4,False,
2024-01-19 20:04:48,admin_bob,SELECT,customers,118,0,1,0.373,CRITICAL,True,20,4,False,
2024-01-19 20:26:17,admin_bob,SELECT,customers,155,0,1,0.311,CRITICAL,True,20,4,False,
2024-01-19 20:36:55,admin_bob,SELECT,transactions,273,0,3,1.355,CRITICAL,True,20,4,False,
2024-01-19 20:56:47,admin_bob,INSERT,config,4,0,2,0.512,HIGH,False,20,4,False,
2024-01-19 21:16:30,admin_bob,SELECT,config,369,0,1,0.598,HIGH,False,21,4,False,
2024-01-19 21:20:26,admin_bob,SELECT,config,96,0,2,0.783,HIGH,False,21,4,False,
2024-01-19 21:35:49,admin_bob,UPDATE,config,417,0,1,1.133,HIGH,False,21,4,False,
2024-01-20 08:03:56,admin_alice,JOIN,orders,995,1,2,1.398,MEDIUM,False,8,5,False,
2024-01-20 10:00:25,admin_alice,SELECT,orders,406,0,1,0.482,MEDIUM,False,10,5,False,
2024-01-20 10:03:01,admin_charlie,SELECT,orders,62,0,2,0.595,MEDIUM,False,10,5,False,
2024-01-20 11:25:02,admin_bob,DELETE,customers,235,0,1,0.627,CRITICAL,True,11,5,False,
2024-01-20 11:51:51,admin_bob,UPDATE,config,86,0,2,0.697,HIGH,False,11,5,False,
2024-01-20 13:05:18,admin_charlie,JOIN,products,73,4,4,1.964,LOW,False,13,5,False,
2024-01-20 13:08:58,admin_charlie,SELECT,customers,143,0,3,0.691,CRITICAL,True,13,5,False,
2024-01-20 14:56:25,admin_bob,SELECT,transactions,75,0,3,0.55,CRITICAL,True,14,5,False,
2024-01-20 15:01:46,admin_alice,SELECT,transactions,616,0,1,1.429,CRITICAL,True,15,5,False,
2024-01-20 16:12:49,admin_bob,SELECT,transactions,327,0,1,0.975,CRITICAL,True,16,5,False,
2024-01-20 17:43:13,admin_bob,SELECT,transactions,261,0,2,0.654,CRITICAL,True,17,5,False,
2024-01-20 18:48:45,admin_bob,SELECT,config,86,0,1,0.272,HIGH,False,18,5,False,
2024-01-20 18:53:13,admin_charlie,SELECT,customers,76,0,2,0.729,CRITICAL,True,18,5,False,
2024-01-21 10:55:13,admin_bob,SELECT,transactions,106,0,1,0.445,CRITICAL,True,10,6,False,
2024-01-21 10:55:14,admin_charlie,INSERT,orders,22,0,2,0.431,MEDIUM,False,10,6,False,
2024-01-21 11:14:57,admin_charlie,SELECT,orders,60,0,2,0.76,MEDIUM,False,11,6,False,
2024-01-21 11:28:51,admin_charlie,INSERT,products,16,0,2,0.626,LOW,False,11,6,False,
2024-01-21 11:40:35,admin_alice,SELECT,customers,282,0,1,0.706,CRITICAL,True,11,6,False,
2024-01-21 12:58:55,admin_alice,SELECT,transactions,112,0,2,0.757,CRITICAL,True,12,6,False,
2024-01-21 12:59:58,admin_alice,SELECT,customers,835,0,2,1.363,CRITICAL,True,12,6,False,
2024-01-21 13:06:11,admin_bob,SELECT,config,228,0,3,1.294,HIGH,False,13,6,False,
2024-01-21 13:16:40,admin_charlie,SELECT,orders,71,0,2,0.755,MEDIUM,False,13,6,False,
2024-01-21 14:20:13,admin_charlie,SELECT,customers,198,0,2,0.744,CRITICAL,True,14,6,False,
2024-01-21 15:54:31,admin_alice,SELECT,products,593,0,2,0.909,LOW,False,15,6,False,
2024-01-21 16:19:44,admin_alice,SELECT,customers,551,0,2,1.289,CRITICAL,True,16,6,False,
2024-01-21 20:24:03,admin_bob,SELECT,customers,234,0,1,0.538,CRITICAL,True,20,6,False,
2024-01-21 21:34:35,admin_bob,SELECT,transactions,132,0,2,0.657,CRITICAL,True,21,6,False,
2024-01-22 07:13:23,admin_bob,INSERT,audit_logs,360,0,3,0.587,MEDIUM,False,7,0,False,
2024-01-22 07:18:43,admin_bob,SELECT,config,132,0,1,0.405,HIGH,False,7,0,False,
2024-01-22 07:43:00,admin_bob,SELECT,transactions,43,0,3,0.99,CRITICAL,True,7,0,False,
2024-01-22 07:48:35,admin_bob,SELECT,transactions,328,0,1,0.374,CRITICAL,True,7,0,False,
2024-01-22 08:18:16,admin_bob,UPDATE,customers,309,0,2,0.676,CRITICAL,True,8,0,False,
2024-01-22 08:29:59,admin_bob,UPDATE,config,339,0,3,0.47,HIGH,False,8,0,False,
2024-01-22 08:44:32,admin_bob,JOIN,audit_logs,97,0,2,0.607,MEDIUM,False,8,0,False,
2024-01-22 08:50:43,admin_bob,SELECT,transactions,396,0,2,0.923,CRITICAL,True,8,0,False,
2024-01-22 08:55:40,admin_bob,SELECT,transactions,260,0,1,0.888,CRITICAL,True,8,0,False,
2024-01-22 09:04:55,admin_charlie,SELECT,audit_logs,26,0,5,1.793,MEDIUM,False,9,0,False,
2024-01-22 09:04:57,admin_bob,SELECT,transactions,475,0,1,1.055,CRITICAL,True,9,0,False,
2024-01-22 09:16:08,admin_bob,INSERT,customers,466,0,3,0.695,CRITICAL,True,9,0,False,
2024-01-22 09:37:21,admin_alice,JOIN,customers,483,1,1,1.858,CRITICAL,True,9,0,False,
2024-01-22 09:44:36,admin_bob,SELECT,transactions,342,0,3,0.773,CRITICAL,True,9,0,False,
2024-01-22 09:46:00,admin_alice,SELECT,orders,170,0,1,0.452,MEDIUM,False,9,0,False,
2024-01-22 09:59:12,admin_alice,SELECT,orders,810,0,2,0.483,MEDIUM,False,9,0,False,
2024-01-22 10:03:20,admin_bob,DELETE,config,432,0,1,0.569,HIGH,False,10,0,False,
2024-01-22 10:09:50,admin_charlie,SELECT,products,38,0,5,1.123,LOW,False,10,0,False,
2024-01-22 10:21:46,admin_bob,SELECT,customers,290,0,1,0.514,CRITICAL,True,10,0,False,
2024-01-22 10:41:50,admin_charlie,SELECT,products,3,0,3,0.723,LOW,False,10,0,False,
2024-01-22 10:44:21,admin_charlie,SELECT,products,68,0,4,0.407,LOW,False,10,0,False,
2024-01-22 10:46:45,admin_charlie,INSERT,customers,54,0,4,1.363,CRITICAL,True,10,0,False,
2024-01-22 11:08:46,admin_alice,SELECT,transactions,194,0,2,0.92,CRITICAL,True,11,0,False,
2024-01-22 11:10:57,admin_alice,SELECT,customers,317,0,1,0.9,CRITICAL,True,11,0,False,
2024-01-22 11:15:12,admin_alice,SELECT,customers,86,0,1,0.475,CRITICAL,True,11,0,False,
2024-01-22 11:19:23,admin_bob,SELECT,config,240,0,2,0.72,HIGH,False,11,0,False,
2024-01-22 11:26:18,admin_bob,SELECT,customers,99,0,3,0.883,CRITICAL,True,11,0,False,
2024-01-22 11:38:27,admin_alice,SELECT,config,697,0,1,0.64,HIGH,False,11,0,False,
2024-01-22 11:38:47,admin_alice,SELECT,transactions,961,0,2,1.738,CRITICAL,True,11,0,False,
2024-01-22 11:42:46,admin_charlie,JOIN,orders,115,3,2,2.374,MEDIUM,False,11,0,False,
2024-01-22 11:47:13,admin_bob,INSERT,config,329,0,2,0.549,HIGH,False,11,0,False,
2024-01-22 12:19:34,admin_bob,JOIN,transactions,250,0,2,0.846,CRITICAL,True,12,0,False,
2024-01-22 12:26:05,admin_charlie,SELECT,orders,94,0,2,0.691,MEDIUM,False,12,0,False,
2024-01-22 12:37:15,admin_charlie,JOIN,products,6,2,4,1.656,LOW,False,12,0,False,
2024-01-22 12:39:38,admin_bob,SELECT,orders,320,0,3,1.097,MEDIUM,False,12,0,False,
2024-01-22 12:48:39,admin_alice,SELECT,orders,236,0,2,0.626,MEDIUM,False,12,0,False,
2024-01-22 12:52:48,admin_bob,SELECT,config,122,0,3,0.937,HIGH,False,12,0,False,
2024-01-22 12:55:42,admin_bob,SELECT,transactions,462,0,2,0.711,CRITICAL,True,12,0,False,
2024-01-22 12:58:31,admin_bob,JOIN,config,353,0,3,0.68,HIGH,False,12,0,False,
2024-01-22 12:58:42,admin_charlie,INSERT,customers,173,0,5,1.445,CRITICAL,True,12,0,False,
2024-01-22 12:58:55,admin_bob,SELECT,audit_logs,322,0,2,0.723,MEDIUM,False,12,0,False,
2024-01-22 13:07:18,admin_alice,SELECT,transactions,543,0,2,0.517,CRITICAL,True,13,0,False,
2024-01-22 13:09:01,admin_alice,SELECT,customers,502,0,2,1.574,CRITICAL,True,13,0,False,
2024-01-22 13:28:37,admin_bob,UPDATE,audit_logs,114,0,3,1.098,MEDIUM,False,13,0,False,
2024-01-22 13:43:41,admin_bob,SELECT,transactions,147,0,2,0.434,CRITICAL,True,13,0,False,
2024-01-22 13:48:37,admin_bob,UPDATE,config,77,0,2,0.527,HIGH,False,13,0,False,
2024-01-22 13:51:15,admin_alice,SELECT,orders,282,0,2,0.702,MEDIUM,False,13,0,False,
2024-01-22 13:57:10,admin_bob,UPDATE,customers,496,0,3,0.61,CRITICAL,True,13,0,False,
2024-01-22 13:59:43,admin_charlie,INSERT,customers,117,0,3,0.976,CRITICAL,True,13,0,False,
2024-01-22 14:01:45,admin_alice,SELECT,orders,68,0,2,0.573,MEDIUM,False,14,0,False,
2024-01-22 14:03:10,admin_charlie,SELECT,products,131,0,3,0.925,LOW,False,14,0,False,
2024-01-22 14:14:30,admin_bob,SELECT,config,81,0,2,0.348,HIGH,False,14,0,False,
2024-01-22 14:19:33,admin_alice,SELECT,products,973,0,2,1.495,LOW,False,14,0,False,
2024-01-22 14:28:44,admin_bob,DELETE,config,233,0,1,0.681,HIGH,False,14,0,False,
2024-01-22 14:40:42,admin_charlie,INSERT,orders,85,0,2,0.746,MEDIUM,False,14,0,False,
2024-01-22 14:40:44,admin_charlie,SELECT,orders,101,0,2,0.552,MEDIUM,False,14,0,False,
2024-01-22 14:52:43,admin_bob,SELECT,transactions,247,0,2,0.989,CRITICAL,True,14,0,False,
2024-01-22 14:56:40,admin_charlie,SELECT,products,55,0,2,0.388,LOW,False,14,0,False,
2024-01-22 15:02:04,admin_bob,INSERT,config,422,0,3,1.652,HIGH,False,15,0,False,
2024-01-22 15:08:12,admin_bob,SELECT,audit_logs,15,0,2,0.51,MEDIUM,False,15,0,False,
2024-01-22 15:12:22,admin_bob,UPDATE,transactions,241,0,3,1.073,CRITICAL,True,15,0,False,
2024-01-22 15:23:51,admin_alice,SELECT,customers,77,0,2,0.566,CRITICAL,True,15,0,False,
2024-01-22 15:24:25,admin_charlie,SELECT,customers,167,0,2,0.856,CRITICAL,True,15,0,False,
2024-01-22 15:29:56,admin_bob,INSERT,transactions,16,0,2,0.421,CRITICAL,True,15,0,False,
2024-01-22 15:34:29,admin_bob,DELETE,config,380,0,1,0.473,HIGH,False,15,0,False,
2024-01-22 15:40:12,admin_bob,UPDATE,transactions,242,0,1,0.571,CRITICAL,True,15,0,False,
2024-01-22 15:42:27,admin_alice,SELECT,transactions,297,0,2,0.779,CRITICAL,True,15,0,False,
2024-01-22 16:07:13,admin_bob,SELECT,audit_logs,55,0,3,0.715,MEDIUM,False,16,0,False,
2024-01-22 16:20:00,admin_bob,INSERT,config,335,0,3,0.759,HIGH,False,16,0,False,
2024-01-22 16:32:40,admin_alice,SELECT,customers,46,0,2,0.512,CRITICAL,True,16,0,False,
2024-01-22 16:36:26,admin_bob,JOIN,config,85,0,1,0.388,HIGH,False,16,0,False,
2024-01-22 16:38:39,admin_charlie,SELECT,customers,161,0,5,1.304,CRITICAL,True,16,0,False,
2024-01-22 16:46:29,admin_alice,SELECT,transactions,613,0,2,1.401,CRITICAL,True,16,0,False,
2024-01-22 16:47:04,admin_bob,JOIN,transactions,231,0,3,0.953,CRITICAL,True,16,0,False,
2024-01-22 17:06:02,admin_bob,SELECT,customers,316,0,3,0.817,CRITICAL,True,17,0,False,
2024-01-22 17:13:10,admin_charlie,DELETE,customers,167,0,3,0.335,CRITICAL,True,17,0,False,
2024-01-22 17:16:35,admin_bob,SELECT,audit_logs,321,0,3,1.022,MEDIUM,False,17,0,False,
2024-01-22 17:23:02,admin_bob,SELECT,audit_logs,78,0,1,0.278,MEDIUM,False,17,0,False,
2024-01-22 17:23:33,admin_bob,UPDATE,audit_logs,23,0,1,0.302,MEDIUM,False,17,0,False,
2024-01-22 17:29:24,admin_alice,SELECT,audit_logs,599,0,1,1.036,MEDIUM,False,17,0,False,
2024-01-22 17:30:10,admin_bob,SELECT,audit_logs,21,0,2,0.606,MEDIUM,False,17,0,False,
2024-01-22 17:46:38,admin_charlie,JOIN,products,130,3,4,3.61,LOW,False,17,0,False,
2024-01-22 17:49:44,admin_bob,SELECT,audit_logs,293,0,3,0.793,MEDIUM,False,17,0,False,
2024-01-22 17:55:50,admin_charlie,SELECT,transactions,23,0,5,1.706,CRITICAL,True,17,0,False,
2024-01-22 18:12:28,admin_bob,SELECT,transactions,27,0,1,0.321,CRITICAL,True,18,0,False,
2024-01-22 18:16:53,admin_charlie,SELECT,products,147,0,2,0.848,LOW,False,18,0,False,
2024-01-22 18:37:58,admin_charlie,INSERT,config,27,0,4,0.766,HIGH,False,18,0,False,
2024-01-22 18:43:08,admin_bob,JOIN,transactions,447,0,1,0.987,CRITICAL,True,18,0,False,
2024-01-22 18:44:43,admin_bob,INSERT,audit_logs,281,0,3,1.586,MEDIUM,False,18,0,False,
2024-01-22 18:46:24,admin_bob,SELECT,transactions,343,0,2,1.223,CRITICAL,True,18,0,False,
2024-01-22 18:53:01,admin_bob,INSERT,audit_logs,28,0,2,0.662,MEDIUM,False,18,0,False,
2024-01-22 19:04:29,admin_charlie,JOIN,orders,42,2,3,2.133,MEDIUM,False,19,0,False,
2024-01-22 19:15:21,admin_bob,DELETE,customers,303,0,3,0.876,CRITICAL,True,19,0,False,
2024-01-22 19:24:55,admin_charlie,UPDATE,orders,146,0,5,0.635,MEDIUM,False,19,0,False,
2024-01-22 20:07:34,admin_bob,SELECT,audit_logs,336,0,1,0.81,MEDIUM,False,20,0,False,
2024-01-22 20:09:25,admin_bob,INSERT,orders,328,0,3,0.815,MEDIUM,False,20,0,False,
2024-01-22 20:13:53,admin_bob,SELECT,customers,333,0,3,0.983,CRITICAL,True,20,0,False,
2024-01-22 20:16:44,admin_bob,SELECT,customers,121,0,2,0.771,CRITICAL,True,20,0,False,
2024-01-22 20:23:19,admin_bob,UPDATE,customers,474,0,1,0.96,CRITICAL,True,20,0,False,
2024-01-22 20:29:55,admin_bob,SELECT,audit_logs,161,0,2,0.891,MEDIUM,False,20,0,False,
2024-01-23 07:04:17,admin_bob,SELECT,config,164,0,1,0.598,HIGH,False,7,1,False,
2024-01-23 07:27:37,admin_bob,INSERT,customers,242,0,2,0.925,CRITICAL,True,7,1,False,
2024-01-23 07:38:18,admin_bob,SELECT,config,333,0,2,1.302,HIGH,False,7,1,False,
2024-01-23 08:10:48,admin_bob,DELETE,products,419,0,2,1.059,LOW,False,8,1,False,
2024-01-23 08:34:22,admin_bob,SELECT,customers,100,0,1,0.331,CRITICAL,True,8,1,False,
2024-01-23 08:49:24,admin_bob,JOIN,config,281,0,3,1.123,HIGH,False,8,1,False,
2024-01-23 08:49:28,admin_alice,SELECT,transactions,37,0,2,0.608,CRITICAL,True,8,1,False,
2024-01-23 08:52:37,admin_alice,SELECT,config,271,0,2,0.478,HIGH,False,8,1,False,
2024-01-23 09:14:36,admin_bob,SELECT,customers,313,0,1,0.303,CRITICAL,True,9,1,False,
2024-01-23 09:26:07,admin_bob,INSERT,audit_logs,263,0,3,0.78,MEDIUM,False,9,1,False,
2024-01-23 09:30:44,admin_bob,INSERT,config,482,0,2,0.717,HIGH,False,9,1,False,
2024-01-23 09:34:48,admin_alice,SELECT,orders,868,0,1,1.605,MEDIUM,False,9,1,False,
2024-01-23 09:42:30,admin_alice,JOIN,orders,422,1,1,1.515,MEDIUM,False,9,1,False,
2024-01-23 09:51:27,admin_alice,SELECT,customers,429,0,1,0.555,CRITICAL,True,9,1,False,
2024-01-23 09:57:35,admin_alice,SELECT,customers,903,0,1,1.135,CRITICAL,True,9,1,False,
2024-01-23 10:04:40,admin_bob,SELECT,audit_logs,445,0,3,1.054,MEDIUM,False,10,1,False,
2024-01-23 10:18:47,admin_charlie,JOIN,customers,157,3,2,2.723,CRITICAL,True,10,1,False,
2024-01-23 10:26:08,admin_alice,SELECT,customers,737,0,2,1.065,CRITICAL,True,10,1,False,
2024-01-23 10:32:01,admin_bob,INSERT,audit_logs,158,0,2,0.685,MEDIUM,False,10,1,False,
2024-01-23 10:35:27,admin_bob,INSERT,config,137,0,1,0.426,HIGH,False,10,1,False,
2024-01-23 10:44:50,admin_bob,SELECT,config,464,0,3,1.053,HIGH,False,10,1,False,
2024-01-23 10:50:16,admin_bob,SELECT,transactions,353,0,2,0.793,CRITICAL,True,10,1,False,
2024-01-23 10:54:02,admin_bob,SELECT,transactions,93,0,3,0.823,CRITICAL,True,10,1,False,
2024-01-23 11:00:53,admin_bob,SELECT,config,173,0,1,0.417,HIGH,False,11,1,False,
2024-01-23 11:14:50,admin_charlie,UPDATE,products,190,0,4,1.199,LOW,False,11,1,False,
2024-01-23 11:20:55,admin_alice,JOIN,config,245,1,2,0.922,HIGH,False,11,1,False,
2024-01-23 11:21:30,admin_charlie,INSERT,customers,172,0,4,1.723,CRITICAL,True,11,1,False,
2024-01-23 11:31:09,admin_charlie,SELECT,customers,81,0,2,0.611,CRITICAL,True,11,1,False,
2024-01-23 11:33:18,admin_charlie,SELECT,products,135,0,2,0.244,LOW,False,11,1,False,
2024-01-23 11:36:30,admin_bob,SELECT,config,271,0,3,0.986,HIGH,False,11,1,False,
2024-01-23 11:47:14,admin_charlie,SELECT,orders,10,0,3,0.728,MEDIUM,False,11,1,False,
2024-01-23 11:48:19,admin_alice,SELECT,orders,968,0,1,1.112,MEDIUM,False,11,1,False,
2024-01-23 12:16:40,admin_alice,SELECT,customers,325,0,2,0.664,CRITICAL,True,12,1,False,
2024-01-23 12:28:08,admin_bob,SELECT,products,129,0,1,0.505,LOW,False,12,1,False,
2024-01-23 12:29:20,admin_alice,SELECT,orders,923,0,2,1.837,MEDIUM,False,12,1,False,
2024-01-23 12:29:43,admin_bob,DELETE,customers,170,0,3,0.371,CRITICAL,True,12,1,False,
2024-01-23 12:38:59,admin_bob,INSERT,config,437,0,2,0.643,HIGH,False,12,1,False,
2024-01-23 12:41:09,admin_bob,UPDATE,audit_logs,401,0,2,0.735,MEDIUM,False,12,1,False,
2024-01-23 12:52:18,admin_bob,SELECT,customers,293,0,1,0.843,CRITICAL,True,12,1,False,
2024-01-23 12:52:55,admin_alice,UPDATE,transactions,226,0,2,0.602,CRITICAL,True,12,1,False,
2024-01-23 12:54:16,admin_bob,DELETE,transactions,420,0,2,1.115,CRITICAL,True,12,1,False,
2024-01-23 13:15:31,admin_alice,SELECT,config,619,0,2,1.274,HIGH,False,13,1,False,
2024-01-23 13:21:53,admin_alice,SELECT,transactions,440,0,2,0.477,CRITICAL,True,13,1,False,
2024-01-23 13:30:05,admin_charlie,JOIN,customers,156,3,2,2.539,CRITICAL,True,13,1,False,
2024-01-23 13:38:53,admin_charlie,SELECT,customers,111,0,5,0.765,CRITICAL,True,13,1,False,
2024-01-23 13:42:49,admin_bob,SELECT,transactions,408,0,3,0.999,CRITICAL,True,13,1,False,
2024-01-23 13:46:11,admin_charlie,SELECT,products,107,0,3,1.136,LOW,False,13,1,False,
2024-01-23 13:48:16,admin_alice,SELECT,customers,438,0,2,1.119,CRITICAL,True,13,1,False,
2024-01-23 14:00:31,admin_bob,DELETE,config,214,0,3,1.236,HIGH,False,14,1,False,
2024-01-23 14:05:19,admin_charlie,SELECT,orders,56,0,5,1.03,MEDIUM,False,14,1,False,
2024-01-23 14:07:08,admin_alice,SELECT,customers,947,0,2,1.195,CRITICAL,True,14,1,False,
2024-01-23 14:18:05,admin_bob,DELETE,customers,149,0,1,0.468,CRITICAL,True,14,1,False,
2024-01-23 14:25:07,admin_alice,SELECT,orders,515,0,1,0.555,MEDIUM,False,14,1,False,
2024-01-23 14:26:45,admin_alice,JOIN,transactions,157,1,2,1.43,CRITICAL,True,14,1,False,
2024-01-23 14:39:06,admin_alice,SELECT,customers,880,0,2,1.771,CRITICAL,True,14,1,False,
2024-01-23 14:45:51,admin_alice,SELECT,orders,432,0,2,1.138,MEDIUM,False,14,1,False,
2024-01-23 14:46:35,admin_charlie,JOIN,customers,18,2,2,2.165,CRITICAL,True,14,1,False,
2024-01-23 14:47:09,admin_alice,SELECT,orders,976,0,2,2.218,MEDIUM,False,14,1,False,
2024-01-23 15:15:25,admin_bob,UPDATE,customers,301,0,1,0.563,CRITICAL,True,15,1,False,
2024-01-23 15:18:23,admin_bob,UPDATE,transactions,116,0,2,0.558,CRITICAL,True,15,1,False,
2024-01-23 15:19:27,admin_bob,SELECT,customers,443,0,1,0.606,CRITICAL,True,15,1,False,
2024-01-23 15:21:41,admin_bob,UPDATE,customers,21,0,2,0.596,CRITICAL,True,15,1,False,
2024-01-23 15:42:19,admin_bob,SELECT,customers,335,0,3,1.194,CRITICAL,True,15,1,False,
2024-01-23 15:46:06,admin_bob,DELETE,transactions,328,0,2,0.886,CRITICAL,True,15,1,False,
2024-01-23 15:52:20,admin_bob,SELECT,audit_logs,288,0,1,0.547,MEDIUM,False,15,1,False,
2024-01-23 15:55:16,admin_bob,SELECT,transactions,499,0,2,1.121,CRITICAL,True,15,1,False,
2024-01-23 16:00:41,admin_bob,UPDATE,products,216,0,2,0.685,LOW,False,16,1,False,
2024-01-23 16:04:20,admin_bob,SELECT,products,454,0,2,1.134,LOW,False,16,1,False,
2024-01-23 16:06:59,admin_bob,UPDATE,transactions,2,0,2,0.114,CRITICAL,True,16,1,False,
2024-01-23 16:08:05,admin_alice,SELECT,transactions,765,0,2,1.931,CRITICAL,True,16,1,False,
2024-01-23 16:12:46,admin_bob,DELETE,transactions,372,0,1,0.713,CRITICAL,True,16,1,False,
2024-01-23 16:26:23,admin_alice,SELECT,orders,784,0,2,1.395,MEDIUM,False,16,1,False,
2024-01-23 16:33:13,admin_bob,INSERT,customers,265,0,3,1.176,CRITICAL,True,16,1,False,
2024-01-23 16:35:31,admin_bob,SELECT,audit_logs,459,0,3,0.946,MEDIUM,False,16,1,False,
2024-01-23 16:41:45,admin_bob,INSERT,audit_logs,243,0,1,0.184,MEDIUM,False,16,1,False,
2024-01-23 16:43:56,admin_charlie,SELECT,products,120,0,5,1.115,LOW,False,16,1,False,
2024-01-23 17:09:46,admin_bob,JOIN,transactions,243,0,2,1.08,CRITICAL,True,17,1,False,
2024-01-23 17:25:45,admin_alice,SELECT,customers,727,0,2,1.002,CRITICAL,True,17,1,False,
2024-01-23 17:30:05,admin_charlie,SELECT,customers,131,0,5,1.405,CRITICAL,True,17,1,False,
2024-01-23 17:35:49,admin_alice,SELECT,transactions,57,0,2,0.853,CRITICAL,True,17,1,False,
2024-01-23 17:46:56,admin_alice,SELECT,orders,243,0,2,0.784,MEDIUM,False,17,1,False,
2024-01-23 17:57:24,admin_bob,SELECT,config,439,0,3,1.212,HIGH,False,17,1,False,
2024-01-23 17:57:57,admin_charlie,INSERT,products,136,0,2,0.817,LOW,False,17,1,False,
2024-01-23 18:02:20,admin_bob,SELECT,customers,97,0,2,0.58,CRITICAL,True,18,1,False,
2024-01-23 18:06:16,admin_bob,UPDATE,config,130,0,3,0.83,HIGH,False,18,1,False,
2024-01-23 18:07:24,admin_bob,DELETE,orders,236,0,2,0.454,MEDIUM,False,18,1,False,
2024-01-23 18:13:05,admin_charlie,SELECT,products,3,0,3,0.985,LOW,False,18,1,False,
2024-01-23 18:49:32,admin_charlie,SELECT,products,195,0,2,0.439,LOW,False,18,1,False,
2024-01-23 18:57:29,admin_bob,UPDATE,products,186,0,1,0.599,LOW,False,18,1,False,
2024-01-23 19:10:04,admin_bob,INSERT,customers,275,0,2,0.741,CRITICAL,True,19,1,False,
2024-01-23 19:15:19,admin_bob,INSERT,customers,418,0,1,0.769,CRITICAL,True,19,1,False,
2024-01-23 19:27:26,admin_bob,SELECT,transactions,71,0,1,0.379,CRITICAL,True,19,1,False,
2024-01-23 19:31:13,admin_bob,INSERT,config,208,0,3,0.467,HIGH,False,19,1,False,
2024-01-23 19:53:15,admin_charlie,JOIN,customers,159,2,5,2.724,CRITICAL,True,19,1,False,
2024-01-23 20:12:26,admin_bob,SELECT,customers,174,0,1,0.327,CRITICAL,True,20,1,False,
2024-01-23 20:29:31,admin_bob,SELECT,config,183,0,2,0.638,HIGH,False,20,1,False,
2024-01-23 20:39:20,admin_bob,SELECT,audit_logs,177,0,3,0.877,MEDIUM,False,20,1,False,
2024-01-23 20:50:53,admin_bob,SELECT,audit_logs,241,0,2,0.65,MEDIUM,False,20,1,False,
2024-01-23 21:10:14,admin_bob,SELECT,config,387,0,2,1.108,HIGH,False,21,1,False,
2024-01-23 21:13:30,admin_bob,UPDATE,audit_logs,459,0,1,1.029,MEDIUM,False,21,1,False,
2024-01-24 07:42:51,admin_bob,UPDATE,config,214,0,2,0.443,HIGH,False,7,2,False,
2024-01-24 08:38:28,admin_alice,SELECT,orders,878,0,1,0.886,MEDIUM,False,8,2,False,
2024-01-24 08:47:19,admin_bob,DELETE,config,499,0,1,0.727,HIGH,False,8,2,False,
2024-01-24 09:39:49,admin_alice,SELECT,customers,570,0,2,0.974,CRITICAL,True,9,2,False,
2024-01-24 09:47:49,admin_charlie,SELECT,customers,81,0,4,0.541,CRITICAL,True,9,2,False,
2024-01-24 09:50:02,admin_charlie,SELECT,products,1,0,2,0.338,LOW,False,9,2,False,
2024-01-24 09:51:49,admin_charlie,JOIN,orders,26,2,4,2.256,MEDIUM,False,9,2,False,
2024-01-24 10:05:07,admin_bob,INSERT,customers,246,0,2,0.749,CRITICAL,True,10,2,False,
2024-01-24 10:06:49,admin_alice,SELECT,transactions,710,0,2,1.026,CRITICAL,True,10,2,False,
2024-01-24 10:12:59,admin_charlie,SELECT,products,98,0,3,0.699,LOW,False,10,2,False,
2024-01-24 10:23:23,admin_bob,SELECT,customers,458,0,2,1.22,CRITICAL,True,10,2,False,
2024-01-24 10:28:03,admin_charlie,SELECT,products,10,0,4,0.255,LOW,False,10,2,False,
2024-01-24 10:28:11,admin_alice,SELECT,transactions,964,0,1,1.033,CRITICAL,True,10,2,False,
2024-01-24 10:31:32,admin_charlie,SELECT,orders,136,0,3,0.946,MEDIUM,False,10,2,False,
2024-01-24 10:33:25,admin_charlie,SELECT,products,25,0,3,0.764,LOW,False,10,2,False,
2024-01-24 10:46:37,admin_alice,SELECT,audit_logs,250,0,2,0.584,MEDIUM,False,10,2,False,
2024-01-24 10:55:44,admin_bob,JOIN,audit_logs,465,0,3,0.616,MEDIUM,False,10,2,False,
2024-01-24 11:10:55,admin_bob,SELECT,transactions,475,0,2,0.816,CRITICAL,True,11,2,False,
2024-01-24 11:14:52,admin_alice,SELECT,customers,251,0,1,0.673,CRITICAL,True,11,2,False,
2024-01-24 11:17:33,admin_alice,SELECT,audit_logs,932,0,1,1.923,MEDIUM,False,11,2,False,
2024-01-24 11:21:50,admin_alice,SELECT,customers,820,0,2,1.371,CRITICAL,True,11,2,False,
2024-01-24 11:32:16,admin_alice,SELECT,transactions,836,0,2,1.41,CRITICAL,True,11,2,False,
2024-01-24 11:54:43,admin_alice,SELECT,transactions,441,0,2,1.392,CRITICAL,True,11,2,False,
2024-01-24 12:13:47,admin_charlie,JOIN,orders,127,2,5,1.683,MEDIUM,False,12,2,False,
2024-01-24 12:22:31,admin_alice,SELECT,transactions,292,0,2,0.912,CRITICAL,True,12,2,False,
2024-01-24 12:40:40,admin_alice,SELECT,orders,780,0,1,1.016,MEDIUM,False,12,2,False,
2024-01-24 12:53:13,admin_charlie,SELECT,orders,135,0,4,1.107,MEDIUM,False,12,2,False,
2024-01-24 13:17:34,admin_alice,SELECT,customers,549,0,2,0.642,CRITICAL,True,13,2,False,
2024-01-24 13:19:44,admin_bob,DELETE,transactions,169,0,2,0.629,CRITICAL,True,13,2,False,
2024-01-24 13:34:49,admin_charlie,JOIN,customers,36,4,5,3.662,CRITICAL,True,13,2,False,
2024-01-24 13:36:00,admin_alice,SELECT,products,100,0,2,0.546,LOW,False,13,2,False,
2024-01-24 13:39:32,admin_bob,UPDATE,audit_logs,229,0,2,0.836,MEDIUM,False,13,2,False,
2024-01-24 13:40:14,admin_charlie,SELECT,customers,58,0,2,0.741,CRITICAL,True,13,2,False,
2024-01-24 13:42:52,admin_alice,SELECT,transactions,687,0,1,0.896,CRITICAL,True,13,2,False,
2024-01-24 13:44:17,admin_bob,JOIN,transactions,335,0,3,0.669,CRITICAL,True,13,2,False,
2024-01-24 13:50:21,admin_charlie,SELECT,customers,134,0,5,1.037,CRITICAL,True,13,2,False,
2024-01-24 14:07:14,admin_charlie,SELECT,orders,75,0,3,0.783,MEDIUM,False,14,2,False,
2024-01-24 14:12:40,admin_alice,SELECT,transactions,74,0,2,0.341,CRITICAL,True,14,2,False,
2024-01-24 14:14:26,admin_alice,JOIN,transactions,323,1,1,1.327,CRITICAL,True,14,2,False,
2024-01-24 14:42:55,admin_bob,UPDATE,customers,172,0,2,0.757,CRITICAL,True,14,2,False,
2024-01-24 14:47:54,admin_alice,SELECT,orders,300,0,1,0.637,MEDIUM,False,14,2,False,
2024-01-24 15:00:16,admin_bob,SELECT,audit_logs,363,0,3,1.123,MEDIUM,False,15,2,False,
2024-01-24 15:04:29,admin_alice,SELECT,orders,960,0,2,1.267,MEDIUM,False,15,2,False,
2024-01-24 15:06:40,admin_bob,SELECT,transactions,230,0,2,1.236,CRITICAL,True,15,2,False,
2024-01-24 15:16:55,admin_charlie,SELECT,orders,35,0,3,0.88,MEDIUM,False,15,2,False,
2024-01-24 15:27:57,admin_bob,DELETE,audit_logs,311,0,2,0.922,MEDIUM,False,15,2,False,
2024-01-24 15:30:02,admin_alice,SELECT,transactions,352,0,2,0.659,CRITICAL,True,15,2,False,
2024-01-24 15:38:09,admin_charlie,SELECT,customers,57,0,3,0.761,CRITICAL,True,15,2,False,
2024-01-24 15:49:15,admin_alice,SELECT,transactions,741,0,2,0.932,CRITICAL,True,15,2,False,
2024-01-24 15:54:57,admin_alice,SELECT,audit_logs,672,0,1,0.514,MEDIUM,False,15,2,False,
2024-01-24 16:31:46,admin_charlie,SELECT,products,58,0,4,1.339,LOW,False,16,2,False,
2024-01-24 16:51:02,admin_bob,SELECT,orders,205,0,2,0.627,MEDIUM,False,16,2,False,
2024-01-24 16:52:16,admin_alice,JOIN,transactions,414,1,1,1.608,CRITICAL,True,16,2,False,
2024-01-24 17:09:39,admin_alice,SELECT,orders,221,0,1,0.478,MEDIUM,False,17,2,False,
2024-01-24 17:17:21,admin_alice,SELECT,customers,237,0,1,0.516,CRITICAL,True,17,2,False,
2024-01-24 17:30:44,admin_alice,SELECT,orders,408,0,2,0.901,MEDIUM,False,17,2,False,
2024-01-24 17:35:23,admin_charlie,SELECT,products,138,0,4,0.691,LOW,False,17,2,False,
2024-01-24 17:54:01,admin_bob,DELETE,audit_logs,244,0,2,0.47,MEDIUM,False,17,2,False,
2024-01-24 18:02:00,admin_charlie,SELECT,products,174,0,3,0.797,LOW,False,18,2,False,
2024-01-24 18:02:38,admin_bob,INSERT,audit_logs,113,0,2,0.895,MEDIUM,False,18,2,False,
2024-01-24 18:16:00,admin_charlie,DELETE,products,74,0,4,1.208,LOW,False,18,2,False,
2024-01-24 18:19:08,admin_charlie,SELECT,customers,148,0,4,1.168,CRITICAL,True,18,2,False,
2024-01-24 18:29:50,admin_bob,SELECT,transactions,21,0,1,0.461,CRITICAL,True,18,2,False,
2024-01-24 18:36:24,admin_charlie,SELECT,customers,64,0,3,0.801,CRITICAL,True,18,2,False,
2024-01-24 18:43:24,admin_charlie,SELECT,orders,57,0,2,0.802,MEDIUM,False,18,2,False,
2024-01-24 18:48:29,admin_charlie,SELECT,customers,104,0,2,0.832,CRITICAL,True,18,2,False,
2024-01-24 19:26:29,admin_charlie,SELECT,customers,150,0,3,0.61,CRITICAL,True,19,2,False,
2024-01-24 19:49:28,admin_bob,SELECT,audit_logs,101,0,2,0.57,MEDIUM,False,19,2,False,
2024-01-24 20:23:23,admin_bob,INSERT,transactions,323,0,3,0.567,CRITICAL,True,20,2,False,
2024-01-24 20:43:33,admin_bob,UPDATE,customers,284,0,1,0.427,CRITICAL,True,20,2,False,
2024-01-24 20:44:19,admin_bob,SELECT,customers,178,0,1,0.511,CRITICAL,True,20,2,False,
2024-01-24 21:20:09,admin_bob,SELECT,config,386,0,1,1.017,HIGH,False,21,2,False,
2024-01-25 08:19:59,admin_alice,SELECT,customers,886,0,1,1.141,CRITICAL,True,8,3,False,
2024-01-25 08:31:12,admin_bob,UPDATE,products,260,0,3,1.231,LOW,False,8,3,False,
2024-01-25 08:37:18,admin_alice,DELETE,customers,607,0,1,0.399,CRITICAL,True,8,3,False,
2024-01-25 08:47:08,admin_bob,SELECT,customers,107,0,1,0.366,CRITICAL,True,8,3,False,
2024-01-25 09:06:16,admin_charlie,SELECT,orders,92,0,4,1.005,MEDIUM,False,9,3,False,
2024-01-25 09:20:52,admin_charlie,JOIN,products,6,4,2,3.381,LOW,False,9,3,False,
2024-01-25 09:38:19,admin_alice,SELECT,transactions,30,0,1,0.373,CRITICAL,True,9,3,False,
2024-01-25 09:38:47,admin_alice,JOIN,customers,809,1,2,2.075,CRITICAL,True,9,3,False,
2024-01-25 09:39:56,admin_bob,SELECT,orders,69,0,3,0.943,MEDIUM,False,9,3,False,
2024-01-25 09:59:26,admin_alice,SELECT,customers,857,0,1,0.935,CRITICAL,True,9,3,False,
2024-01-25 10:03:00,admin_bob,UPDATE,audit_logs,88,0,3,0.619,MEDIUM,False,10,3,False,
2024-01-25 10:12:03,admin_bob,SELECT,customers,161,0,1,0.366,CRITICAL,True,10,3,False,
2024-01-25 10:16:27,admin_alice,SELECT,customers,726,0,1,0.751,CRITICAL,True,10,3,False,
2024-01-25 10:31:30,admin_charlie,SELECT,customers,161,0,3,0.969,CRITICAL,True,10,3,False,
2024-01-25 10:38:40,admin_bob,SELECT,transactions,104,0,1,0.303,CRITICAL,True,10,3,False,
2024-01-25 10:59:17,admin_charlie,DELETE,customers,79,0,5,1.452,CRITICAL,True,10,3,False,
2024-01-25 11:09:48,admin_bob,SELECT,customers,25,0,3,0.457,CRITICAL,True,11,3,False,
2024-01-25 11:09:51,admin_alice,SELECT,customers,804,0,1,0.561,CRITICAL,True,11,3,False,
2024-01-25 11:10:59,admin_bob,DELETE,config,108,0,3,0.962,HIGH,False,11,3,False,
2024-01-25 11:12:17,admin_alice,JOIN,audit_logs,775,1,1,1.267,MEDIUM,False,11,3,False,
2024-01-25 11:17:55,admin_charlie,INSERT,orders,45,0,4,1.151,MEDIUM,False,11,3,False,
2024-01-25 11:37:26,admin_alice,SELECT,customers,790,0,1,0.969,CRITICAL,True,11,3,False,
2024-01-25 11:44:22,admin_alice,SELECT,orders,337,0,1,1.014,MEDIUM,False,11,3,False,
2024-01-25 12:02:04,admin_bob,SELECT,customers,133,0,3,0.928,CRITICAL,True,12,3,False,
2024-01-25 12:17:47,admin_bob,SELECT,customers,53,0,2,0.478,CRITICAL,True,12,3,False,
2024-01-25 12:28:36,admin_alice,SELECT,customers,485,0,1,0.873,CRITICAL,True,12,3,False,
2024-01-25 13:18:04,admin_charlie,SELECT,orders,96,0,2,0.444,MEDIUM,False,13,3,False,
2024-01-25 13:29:25,admin_bob,DELETE,config,18,0,1,0.407,HIGH,False,13,3,False,
2024-01-25 13:43:58,admin_bob,INSERT,audit_logs,482,0,1,0.867,MEDIUM,False,13,3,False,
2024-01-25 14:06:12,admin_bob,SELECT,transactions,90,0,2,0.693,CRITICAL,True,14,3,False,
2024-01-25 14:21:25,admin_charlie,SELECT,customers,73,0,4,0.938,CRITICAL,True,14,3,False,
2024-01-25 14:21:38,admin_alice,SELECT,transactions,627,0,2,0.948,CRITICAL,True,14,3,False,
2024-01-25 14:30:19,admin_bob,UPDATE,audit_logs,412,0,3,0.967,MEDIUM,False,14,3,False,
2024-01-25 14:50:38,admin_charlie,UPDATE,orders,104,0,2,0.582,MEDIUM,False,14,3,False,
2024-01-25 15:16:20,admin_bob,SELECT,transactions,491,0,3,1.158,CRITICAL,True,15,3,False,
2024-01-25 15:27:53,admin_bob,DELETE,audit_logs,399,0,2,0.854,MEDIUM,False,15,3,False,
2024-01-25 15:28:03,admin_alice,SELECT,orders,294,0,2,0.687,MEDIUM,False,15,3,False,
2024-01-25 15:33:31,admin_charlie,SELECT,products,131,0,3,0.998,LOW,False,15,3,False,
2024-01-25 15:54:01,admin_alice,SELECT,orders,953,0,2,1.276,MEDIUM,False,15,3,False,
2024-01-25 16:00:15,admin_alice,SELECT,config,75,0,1,0.544,HIGH,False,16,3,False,
2024-01-25 16:00:43,admin_charlie,SELECT,products,12,0,4,0.701,LOW,False,16,3,False,
2024-01-25 16:01:13,admin_bob,SELECT,transactions,127,0,1,0.42,CRITICAL,True,16,3,False,
2024-01-25 16:10:23,admin_bob,UPDATE,audit_logs,172,0,2,0.879,MEDIUM,False,16,3,False,
2024-01-25 16:19:15,admin_bob,SELECT,transactions,428,0,1,0.959,CRITICAL,True,16,3,False,
2024-01-25 16:48:13,admin_bob,SELECT,transactions,274,0,3,1.194,CRITICAL,True,16,3,False,
2024-01-25 16:48:19,admin_alice,SELECT,customers,673,0,2,0.983,CRITICAL,True,16,3,False,
2024-01-25 16:51:28,admin_bob,UPDATE,products,325,0,1,0.797,LOW,False,16,3,False,
2024-01-25 17:01:25,admin_alice,DELETE,transactions,433,0,1,0.439,CRITICAL,True,17,3,False,
2024-01-25 17:16:43,admin_bob,SELECT,transactions,157,0,1,0.362,CRITICAL,True,17,3,False,
2024-01-25 17:22:32,admin_bob,SELECT,transactions,428,0,3,1.763,CRITICAL,True,17,3,False,
2024-01-25 17:45:33,admin_alice,SELECT,transactions,775,0,1,0.654,CRITICAL,True,17,3,False,
2024-01-25 18:51:08,admin_charlie,SELECT,products,26,0,4,1.54,LOW,False,18,3,False,
2024-01-25 18:51:21,admin_bob,SELECT,config,204,0,1,0.626,HIGH,False,18,3,False,
2024-01-25 19:30:09,admin_bob,SELECT,transactions,91,0,1,0.494,CRITICAL,True,19,3,False,
2024-01-25 19:35:16,admin_charlie,DELETE,audit_logs,63,0,4,1.068,MEDIUM,False,19,3,False,
2024-01-25 19:37:22,admin_bob,SELECT,config,478,0,1,0.667,HIGH,False,19,3,False,
2024-01-25 20:27:10,admin_bob,INSERT,audit_logs,257,0,1,0.781,MEDIUM,False,20,3,False,
2024-01-25 20:56:07,admin_bob,SELECT,audit_logs,378,0,3,0.94,MEDIUM,False,20,3,False,
2024-01-25 21:56:47,admin_bob,SELECT,customers,355,0,2,0.913,CRITICAL,True,21,3,False,
2024-01-26 07:25:50,admin_bob,DELETE,transactions,425,0,3,1.379,CRITICAL,True,7,4,False,
2024-01-26 07:55:38,admin_bob,UPDATE,audit_logs,121,0,1,0.315,MEDIUM,False,7,4,False,
2024-01-26 08:00:09,admin_alice,SELECT,transactions,607,0,2,0.966,CRITICAL,True,8,4,False,
2024-01-26 08:18:38,admin_alice,SELECT,config,372,0,1,0.561,HIGH,False,8,4,False,
2024-01-26 08:20:54,admin_bob,UPDATE,audit_logs,111,0,2,0.154,MEDIUM,False,8,4,False,
2024-01-26 08:23:32,admin_bob,SELECT,transactions,219,0,1,0.331,CRITICAL,True,8,4,False,
2024-01-26 08:28:22,admin_alice,SELECT,orders,142,0,1,0.363,MEDIUM,False,8,4,False,
2024-01-26 08:33:53,admin_bob,UPDATE,customers,340,0,1,0.754,CRITICAL,True,8,4,False,
2024-01-26 08:38:21,admin_bob,SELECT,transactions,400,0,3,1.021,CRITICAL,True,8,4,False,
2024-01-26 08:40:18,admin_bob,UPDATE,customers,143,0,2,0.56,CRITICAL,True,8,4,False,
2024-01-26 09:06:46,admin_alice,SELECT,transactions,379,0,1,0.772,CRITICAL,True,9,4,False,
2024-01-26 09:26:19,admin_alice,SELECT,customers,318,0,2,0.453,CRITICAL,True,9,4,False,
2024-01-26 09:42:38,admin_bob,JOIN,customers,204,0,2,1.005,CRITICAL,True,9,4,False,
2024-01-26 09:50:18,admin_alice,UPDATE,orders,825,0,2,1.803,MEDIUM,False,9,4,False,
2024-01-26 09:57:20,admin_alice,SELECT,customers,771,0,2,1.102,CRITICAL,True,9,4,False,
2024-01-26 09:58:04,admin_bob,SELECT,orders,287,0,3,0.835,MEDIUM,False,9,4,False,
2024-01-26 09:59:09,admin_charlie,SELECT,customers,160,0,4,1.173,CRITICAL,True,9,4,False,
2024-01-26 10:11:19,admin_bob,SELECT,audit_logs,285,0,3,0.88,MEDIUM,False,10,4,False,
2024-01-26 10:32:14,admin_bob,INSERT,audit_logs,495,0,3,1.701,MEDIUM,False,10,4,False,
2024-01-26 10:51:48,admin_alice,SELECT,orders,828,0,1,1.43,MEDIUM,False,10,4,False,
2024-01-26 10:52:23,admin_alice,SELECT,customers,531,0,2,1.409,CRITICAL,True,10,4,False,
2024-01-26 10:54:07,admin_bob,SELECT,customers,189,0,3,1.147,CRITICAL,True,10,4,False,
2024-01-26 11:00:02,admin_bob,INSERT,config,186,0,2,0.711,HIGH,False,11,4,False,
2024-01-26 11:02:45,admin_charlie,INSERT,customers,157,0,3,0.866,CRITICAL,True,11,4,False,
2024-01-26 11:13:45,admin_alice,JOIN,transactions,784,1,2,0.995,CRITICAL,True,11,4,False,
2024-01-26 11:13:59,admin_bob,UPDATE,config,487,0,1,0.503,HIGH,False,11,4,False,
2024-01-26 11:19:52,admin_bob,UPDATE,transactions,431,0,3,1.311,CRITICAL,True,11,4,False,
2024-01-26 11:20:21,admin_alice,SELECT,customers,76,0,1,0.383,CRITICAL,True,11,4,False,
2024-01-26 11:22:54,admin_alice,SELECT,audit_logs,472,0,2,1.443,MEDIUM,False,11,4,False,
2024-01-26 11:37:18,admin_bob,SELECT,audit_logs,84,0,3,0.661,MEDIUM,False,11,4,False,
2024-01-26 11:39:44,admin_bob,SELECT,customers,443,0,1,1.081,CRITICAL,True,11,4,False,
2024-01-26 11:40:10,admin_bob,SELECT,config,445,0,3,0.658,HIGH,False,11,4,False,
2024-01-26 11:40:11,admin_bob,SELECT,audit_logs,147,0,2,0.711,MEDIUM,False,11,4,False,
2024-01-26 11:58:55,admin_bob,UPDATE,customers,198,0,2,0.603,CRITICAL,True,11,4,False,
2024-01-26 12:02:50,admin_bob,SELECT,transactions,387,0,1,0.61,CRITICAL,True,12,4,False,
2024-01-26 12:05:42,admin_charlie,JOIN,products,31,2,3,1.821,LOW,False,12,4,False,
2024-01-26 12:06:06,admin_alice,SELECT,customers,805,0,1,0.586,CRITICAL,True,12,4,False,
2024-01-26 12:08:14,admin_charlie,SELECT,transactions,115,0,4,0.496,CRITICAL,True,12,4,False,
2024-01-26 12:29:25,admin_bob,SELECT,audit_logs,141,0,3,1.196,MEDIUM,False,12,4,False,
2024-01-26 12:32:09,admin_bob,SELECT,config,126,0,3,0.556,HIGH,False,12,4,False,
2024-01-26 12:41:00,admin_alice,UPDATE,orders,935,0,1,1.063,MEDIUM,False,12,4,False,
2024-01-26 13:03:01,admin_charlie,JOIN,orders,72,2,2,1.171,MEDIUM,False,13,4,False,
2024-01-26 13:04:51,admin_alice,SELECT,transactions,880,0,2,1.893,CRITICAL,True,13,4,False,
2024-01-26 13:07:22,admin_alice,SELECT,transactions,28,0,2,0.687,CRITICAL,True,13,4,False,
2024-01-26 13:29:46,admin_bob,SELECT,config,435,0,2,1.356,HIGH,False,13,4,False,
2024-01-26 13:33:41,admin_bob,SELECT,config,216,0,1,0.572,HIGH,False,13,4,False,
2024-01-26 13:48:12,admin_alice,SELECT,customers,936,0,1,0.953,CRITICAL,True,13,4,False,
2024-01-26 13:55:59,admin_bob,UPDATE,customers,486,0,2,1.519,CRITICAL,True,13,4,False,
2024-01-26 13:56:49,admin_alice,SELECT,orders,915,0,2,1.792,MEDIUM,False,13,4,False,
2024-01-26 14:16:58,admin_charlie,SELECT,customers,128,0,3,0.795,CRITICAL,True,14,4,False,
2024-01-26 14:20:44,admin_alice,SELECT,transactions,999,0,2,1.803,CRITICAL,True,14,4,False,
2024-01-26 14:26:45,admin_charlie,SELECT,orders,9,0,3,0.848,MEDIUM,False,14,4,False,
2024-01-26 14:29:54,admin_bob,UPDATE,audit_logs,197,0,2,0.578,MEDIUM,False,14,4,False,
2024-01-26 14:31:13,admin_bob,SELECT,transactions,434,0,2,0.682,CRITICAL,True,14,4,False,
2024-01-26 14:32:51,admin_alice,SELECT,customers,400,0,1,0.974,CRITICAL,True,14,4,False,
2024-01-26 14:43:03,admin_alice,SELECT,transactions,767,0,2,1.255,CRITICAL,True,14,4,False,
2024-01-26 14:49:19,admin_bob,DELETE,config,108,0,1,0.443,HIGH,False,14,4,False,
2024-01-26 14:50:29,admin_bob,SELECT,customers,487,0,3,0.766,CRITICAL,True,14,4,False,
2024-01-26 15:08:09,admin_alice,SELECT,orders,995,0,1,0.534,MEDIUM,False,15,4,False,
2024-01-26 15:21:41,admin_alice,JOIN,config,366,1,2,1.204,HIGH,False,15,4,False,
2024-01-26 15:22:47,admin_alice,SELECT,orders,509,0,2,1.458,MEDIUM,False,15,4,False,
2024-01-26 15:30:25,admin_bob,SELECT,audit_logs,277,0,3,1.049,MEDIUM,False,15,4,False,
2024-01-26 15:39:50,admin_bob,UPDATE,config,278,0,3,0.717,HIGH,False,15,4,False,
2024-01-26 15:41:33,admin_bob,UPDATE,customers,422,0,2,0.889,CRITICAL,True,15,4,False,
2024-01-26 15:44:09,admin_bob,UPDATE,transactions,85,0,1,0.325,CRITICAL,True,15,4,False,
2024-01-26 15:47:40,admin_alice,SELECT,orders,227,0,1,0.746,MEDIUM,False,15,4,False,
2024-01-26 15:59:48,admin_alice,SELECT,customers,917,0,1,1.167,CRITICAL,True,15,4,False,
2024-01-26 16:05:17,admin_alice,SELECT,customers,392,0,2,1.047,CRITICAL,True,16,4,False,
2024-01-26 16:26:58,admin_charlie,JOIN,customers,142,4,3,2.103,CRITICAL,True,16,4,False,
2024-01-26 16:32:09,admin_charlie,SELECT,customers,50,0,4,0.926,CRITICAL,True,16,4,False,
2024-01-26 16:40:03,admin_alice,JOIN,customers,520,1,1,1.765,CRITICAL,True,16,4,False,
2024-01-26 16:48:28,admin_bob,UPDATE,audit_logs,487,0,1,0.56,MEDIUM,False,16,4,False,
2024-01-26 17:04:22,admin_alice,UPDATE,orders,414,0,2,0.531,MEDIUM,False,17,4,False,
2024-01-26 17:08:20,admin_alice,UPDATE,transactions,769,0,2,1.507,CRITICAL,True,17,4,False,
2024-01-26 17:28:07,admin_bob,SELECT,customers,154,0,2,0.543,CRITICAL,True,17,4,False,
2024-01-26 17:40:04,admin_charlie,UPDATE,customers,31,0,4,0.77,CRITICAL,True,17,4,False,
2024-01-26 17:42:07,admin_alice,SELECT,customers,677,0,1,1.03,CRITICAL,True,17,4,False,
2024-01-26 17:44:00,admin_alice,SELECT,transactions,403,0,2,0.711,CRITICAL,True,17,4,False,
2024-01-26 17:49:49,admin_bob,JOIN,customers,42,0,1,0.396,CRITICAL,True,17,4,False,
2024-01-26 17:52:31,admin_alice,SELECT,transactions,536,0,1,0.781,CRITICAL,True,17,4,False,
2024-01-26 18:36:29,admin_bob,SELECT,audit_logs,169,0,1,0.705,MEDIUM,False,18,4,False,
2024-01-26 18:39:39,admin_bob,SELECT,config,460,0,2,0.611,HIGH,False,18,4,False,
2024-01-26 18:43:53,admin_bob,DELETE,products,292,0,2,1.379,LOW,False,18,4,False,
2024-01-26 18:45:34,admin_charlie,JOIN,products,134,4,2,2.805,LOW,False,18,4,False,
2024-01-26 19:11:46,admin_bob,INSERT,config,290,0,1,0.977,HIGH,False,19,4,False,
2024-01-26 19:39:25,admin_bob,SELECT,transactions,437,0,1,0.372,CRITICAL,True,19,4,False,
2024-01-26 19:40:10,admin_bob,SELECT,customers,154,0,1,0.6,CRITICAL,True,19,4,False,
2024-01-26 19:56:28,admin_bob,SELECT,audit_logs,448,0,3,1.276,MEDIUM,False,19,4,False,
2024-01-26 20:10:40,admin_bob,SELECT,audit_logs,200,0,3,0.588,MEDIUM,False,20,4,False,
2024-01-26 20:13:56,admin_bob,UPDATE,transactions,403,0,3,0.887,CRITICAL,True,20,4,False,
2024-01-26 21:15:40,admin_bob,SELECT,transactions,229,0,3,0.94,CRITICAL,True,21,4,False,
2024-01-27 07:33:42,admin_bob,INSERT,audit_logs,22,0,2,0.55,MEDIUM,False,7,5,False,
2024-01-27 09:39:16,admin_charlie,JOIN,orders,29,3,4,4.253,MEDIUM,False,9,5,False,
2024-01-27 11:35:16,admin_bob,UPDATE,audit_logs,392,0,2,1.024,MEDIUM,False,11,5,False,
2024-01-27 11:53:00,admin_charlie,SELECT,customers,58,0,2,0.98,CRITICAL,True,11,5,False,
2024-01-27 12:42:28,admin_bob,SELECT,audit_logs,158,0,3,0.744,MEDIUM,False,12,5,False,
2024-01-27 13:19:22,admin_charlie,SELECT,customers,17,0,4,0.817,CRITICAL,True,13,5,False,
2024-01-27 13:45:32,admin_alice,SELECT,transactions,359,0,2,1.166,CRITICAL,True,13,5,False,
2024-01-27 14:00:28,admin_bob,INSERT,audit_logs,309,0,3,1.19,MEDIUM,False,14,5,False,
2024-01-27 15:45:06,admin_alice,SELECT,orders,226,0,1,0.597,MEDIUM,False,15,5,False,
2024-01-27 16:18:01,admin_alice,SELECT,customers,940,0,1,1.537,CRITICAL,True,16,5,False,
2024-01-27 19:18:49,admin_charlie,SELECT,products,6,0,2,0.473,LOW,False,19,5,False,
2024-01-28 07:58:46,admin_bob,UPDATE,customers,63,0,2,0.419,CRITICAL,True,7,6,False,
2024-01-28 09:13:17,admin_bob,JOIN,config,74,0,1,0.142,HIGH,False,9,6,False,
2024-01-28 09:16:42,admin_bob,UPDATE,transactions,230,0,3,0.902,CRITICAL,True,9,6,False,
2024-01-28 09:22:30,admin_alice,SELECT,orders,301,0,1,0.514,MEDIUM,False,9,6,False,
2024-01-28 11:42:37,admin_charlie,UPDATE,products,133,0,3,1.132,LOW,False,11,6,False,
2024-01-28 11:43:40,admin_alice,DELETE,transactions,315,0,2,0.855,CRITICAL,True,11,6,False,
2024-01-28 12:45:14,admin_alice,SELECT,transactions,895,0,2,0.918,CRITICAL,True,12,6,False,
2024-01-28 12:49:00,admin_charlie,INSERT,transactions,21,0,2,0.579,CRITICAL,True,12,6,False,
2024-01-28 13:01:22,admin_charlie,JOIN,customers,91,2,2,1.708,CRITICAL,True,13,6,False,
2024-01-28 13:03:57,admin_alice,SELECT,transactions,886,0,1,1.734,CRITICAL,True,13,6,False,
2024-01-28 14:51:07,admin_bob,SELECT,customers,31,0,3,0.812,CRITICAL,True,14,6,False,
2024-01-28 15:14:27,admin_bob,JOIN,customers,202,0,1,0.538,CRITICAL,True,15,6,False,
2024-01-28 16:21:51,admin_charlie,SELECT,transactions,10,0,2,0.51,CRITICAL,True,16,6,False,
2024-01-28 17:45:26,admin_bob,DELETE,config,476,0,3,1.882,HIGH,False,17,6,False,
2024-01-28 18:16:14,admin_bob,SELECT,transactions,98,0,2,0.409,CRITICAL,True,18,6,False,
2024-01-28 18:55:08,admin_charlie,INSERT,orders,121,0,3,0.744,MEDIUM,False,18,6,False,
2024-01-28 21:18:08,admin_bob,JOIN,transactions,113,0,1,0.417,CRITICAL,True,21,6,False,
2024-01-28 21:37:14,admin_bob,SELECT,audit_logs,146,0,2,0.554,MEDIUM,False,21,6,False,
2024-01-29 14:00:00,admin_alice,SELECT,customers,50000,0,0,3.66,CRITICAL,True,14,0,True,reconnaissance
2024-01-29 14:02:00,admin_alice,SELECT,transactions,500000,0,0,2.222,CRITICAL,True,14,0,True,reconnaissance
2024-01-29 14:04:00,admin_alice,SELECT,products,5000,0,0,2.858,LOW,False,14,0,True,reconnaissance
2024-01-29 14:06:00,admin_alice,SELECT,orders,100000,0,0,3.1,MEDIUM,False,14,0,True,reconnaissance
2024-01-29 14:08:00,admin_alice,SELECT,audit_logs,1000000,0,0,3.865,MEDIUM,False,14,0,True,reconnaissance
2024-01-29 14:10:00,admin_alice,SELECT,config,500,0,0,2.195,HIGH,False,14,0,True,reconnaissance
2024-01-29 20:00:00,admin_bob,SELECT,transactions,5967,0,1,7.853,CRITICAL,True,20,0,True,mass_extraction
2024-01-29 20:05:00,admin_bob,SELECT,transactions,6755,0,1,12.054,CRITICAL,True,20,0,True,mass_extraction
2024-01-29 20:10:00,admin_bob,SELECT,transactions,7968,0,1,12.557,CRITICAL,True,20,0,True,mass_extraction
2024-01-29 20:15:00,admin_bob,SELECT,transactions,7795,0,1,8.1,CRITICAL,True,20,0,True,mass_extraction
2024-01-29 20:20:00,admin_bob,SELECT,transactions,6659,0,1,10.751,CRITICAL,True,20,0,True,mass_extraction
2024-01-29 20:25:00,admin_bob,SELECT,transactions,9300,0,1,9.444,CRITICAL,True,20,0,True,mass_extraction
2024-01-29 20:30:00,admin_bob,SELECT,transactions,9628,0,1,8.119,CRITICAL,True,20,0,True,mass_extraction
2024-01-29 20:35:00,admin_bob,SELECT,transactions,9346,0,1,6.206,CRITICAL,True,20,0,True,mass_extraction
2024-01-30 03:00:00,admin_charlie,SELECT,config,2836,0,2,1.924,HIGH,False,3,1,True,credential_theft
2024-01-30 03:10:00,admin_charlie,SELECT,audit_logs,1484,0,1,0.509,MEDIUM,False,3,1,True,credential_theft
2024-01-30 03:20:00,admin_charlie,SELECT,transactions,4599,0,2,0.841,CRITICAL,True,3,1,True,credential_theft
2024-01-30 03:30:00,admin_charlie,SELECT,config,1729,0,1,2.326,HIGH,False,3,1,True,credential_theft
2024-01-30 03:40:00,admin_charlie,SELECT,transactions,2324,0,1,0.784,CRITICAL,True,3,1,True,credential_theft
2024-01-30 03:50:00,admin_charlie,SELECT,transactions,4415,0,1,2.956,CRITICAL,True,3,1,True,credential_theft
2024-01-30 04:00:00,admin_charlie,SELECT,audit_logs,4697,0,1,2.082,MEDIUM,False,4,1,True,credential_theft
2024-01-30 04:10:00,admin_charlie,SELECT,config,897,0,1,0.959,HIGH,False,4,1,True,credential_theft
2024-01-30 04:20:00,admin_charlie,SELECT,config,1433,0,1,2.802,HIGH,False,4,1,True,credential_theft
2024-01-30 04:30:00,admin_charlie,SELECT,transactions,3442,0,2,1.389,CRITICAL,True,4,1,True,credential_theft
2024-01-30 04:40:00,admin_charlie,SELECT,audit_logs,1564,0,1,1.66,MEDIUM,False,4,1,True,credential_theft
2024-01-30 04:50:00,admin_charlie,SELECT,config,113,0,1,2.581,HIGH,False,4,1,True,credential_theft
